province_name,city_name,district_name,village_name,notes
"Jawa Tengah",Boyolali,"Kec. Ampel","Ds. Banyuanyar",
"Jawa Tengah",Boyolali,"Kec. Ampel","Ds. Candi",
"Jawa Tengah",Boyolali,"Kec. Ampel","Ds. Gondangslamet",
"Jawa Tengah",Boyolali,"Kec. Ampel","Ds. Ngampon",
"Jawa Tengah",Boyolali,"Kec. Ampel","Ds. Ngargosari",
"Jawa Tengah",Boyolali,"Kec. Ampel","Ds. Ngenden",
"Jawa Tengah",Boyolali,"Kec. Ampel","Ds. Selodoko",
"Jawa Tengah",Boyolali,"Kec. Ampel","Ds. Sidomulyo",
"Jawa Tengah",Boyolali,"Kec. Ampel","Ds. Tanduk",
"Jawa Tengah",Boyolali,"Kec. Ampel","Ds. Urutsewu",
"Jawa Tengah",Boyolali,"Kec. Andong","Ds. Andong",
"Jawa Tengah",Boyolali,"Kec. Andong","Ds. Beji",
"Jawa Tengah",Boyolali,"Kec. Andong","Ds. Gondangrawe",
"Jawa Tengah",Boyolali,"Kec. Andong","Ds. Kacangan",
"Jawa Tengah",Boyolali,"Kec. Andong","Ds. Kadipaten",
"Jawa Tengah",Boyolali,"Kec. Andong","Ds. Kedungdowo",
"Jawa Tengah",Boyolali,"Kec. Andong","Ds. Kunti",
"Jawa Tengah",Boyolali,"Kec. Andong","Ds. Mojo",
"Jawa Tengah",Boyolali,"Kec. Andong","Ds. Munggur",
"Jawa Tengah",Boyolali,"Kec. Andong","Ds. Pakang",
"Jawa Tengah",Boyolali,"Kec. Andong","Ds. Pakel",
"Jawa Tengah",Boyolali,"Kec. Andong","Ds. Pelemrejo",
"Jawa Tengah",Boyolali,"Kec. Andong","Ds. Pranggong",
"Jawa Tengah",Boyolali,"Kec. Andong","Ds. Semawung",
"Jawa Tengah",Boyolali,"Kec. Andong","Ds. Sempu",
"Jawa Tengah",Boyolali,"Kec. Andong","Ds. Senggrong",
"Jawa Tengah",Boyolali,"Kec. Banyudono","Ds. Banyudono",
"Jawa Tengah",Boyolali,"Kec. Banyudono","Ds. Batan",
"Jawa Tengah",Boyolali,"Kec. Banyudono","Ds. Bendan",
"Jawa Tengah",Boyolali,"Kec. Banyudono","Ds. Cangkringan",
"Jawa Tengah",Boyolali,"Kec. Banyudono","Ds. Denggungan",
"Jawa Tengah",Boyolali,"Kec. Banyudono","Ds. Dukuh",
"Jawa Tengah",Boyolali,"Kec. Banyudono","Ds. Dukuh",
"Jawa Tengah",Boyolali,"Kec. Banyudono","Ds. Jembungan",
"Jawa Tengah",Boyolali,"Kec. Banyudono","Ds. Jipangan",
"Jawa Tengah",Boyolali,"Kec. Banyudono","Ds. Ketaon",
"Jawa Tengah",Boyolali,"Kec. Banyudono","Ds. Kuwiran",
"Jawa Tengah",Boyolali,"Kec. Banyudono","Ds. Ngaru Aru",
"Jawa Tengah",Boyolali,"Kec. Banyudono","Ds. Sambon",
"Jawa Tengah",Boyolali,"Kec. Banyudono","Ds. Tanjungsari",
"Jawa Tengah",Boyolali,"Kec. Banyudono","Ds. Trayu",
"Jawa Tengah",Boyolali,"Kec. Boyolali","Ds. Karanggeneng",
"Jawa Tengah",Boyolali,"Kec. Boyolali","Ds. Kebonbimo",
"Jawa Tengah",Boyolali,"Kec. Boyolali","Ds. Kiringan",
"Jawa Tengah",Boyolali,"Kec. Boyolali","Ds. Mudal",
"Jawa Tengah",Boyolali,"Kec. Boyolali","Ds. Penggung",
"Jawa Tengah",Boyolali,"Kec. Boyolali","Ds. Winong",
"Jawa Tengah",Boyolali,"Kec. Boyolali","Kec. Banaran",
"Jawa Tengah",Boyolali,"Kec. Boyolali","Kec. Pulisen",
"Jawa Tengah",Boyolali,"Kec. Boyolali","Kec. Siswodipuran",
"Jawa Tengah",Boyolali,"Kec. Cepogo","Ds. Bakulan",
"Jawa Tengah",Boyolali,"Kec. Cepogo","Ds. Cabeankunti",
"Jawa Tengah",Boyolali,"Kec. Cepogo","Ds. Candigatak",
"Jawa Tengah",Boyolali,"Kec. Cepogo","Ds. Cepogo",
"Jawa Tengah",Boyolali,"Kec. Cepogo","Ds. Gedangan",
"Jawa Tengah",Boyolali,"Kec. Cepogo","Ds. Genting",
"Jawa Tengah",Boyolali,"Kec. Cepogo","Ds. Gubug",
"Jawa Tengah",Boyolali,"Kec. Cepogo","Ds. Jelok",
"Jawa Tengah",Boyolali,"Kec. Cepogo","Ds. Jombong",
"Jawa Tengah",Boyolali,"Kec. Cepogo","Ds. Kembangkuning",
"Jawa Tengah",Boyolali,"Kec. Cepogo","Ds. Mliwis",
"Jawa Tengah",Boyolali,"Kec. Cepogo","Ds. Paras",
"Jawa Tengah",Boyolali,"Kec. Cepogo","Ds. Sukabumi",
"Jawa Tengah",Boyolali,"Kec. Cepogo","Ds. Sumbung",
"Jawa Tengah",Boyolali,"Kec. Cepogo","Ds. Wonodoyo",
"Jawa Tengah",Boyolali,"Kec. Gladagsari","Ds. Candisari",
"Jawa Tengah",Boyolali,"Kec. Gladagsari","Ds. Ds. Kembang",
"Jawa Tengah",Boyolali,"Kec. Gladagsari","Ds. Gladagsari",
"Jawa Tengah",Boyolali,"Kec. Gladagsari","Ds. Jlarem",
"Jawa Tengah",Boyolali,"Kec. Gladagsari","Ds. Kaligentong",
"Jawa Tengah",Boyolali,"Kec. Gladagsari","Ds. Ngagrong",
"Jawa Tengah",Boyolali,"Kec. Gladagsari","Ds. Ngargoloka",
"Jawa Tengah",Boyolali,"Kec. Gladagsari","Ds. Sampetan",
"Jawa Tengah",Boyolali,"Kec. Gladagsari","Ds. Sampetan",
"Jawa Tengah",Boyolali,"Kec. Gladagsari","Ds. Seboto",
"Jawa Tengah",Boyolali,"Kec. Juwangi","Ds. Cerme",
"Jawa Tengah",Boyolali,"Kec. Juwangi","Ds. Jerukan",
"Jawa Tengah",Boyolali,"Kec. Juwangi","Ds. Juwangi",
"Jawa Tengah",Boyolali,"Kec. Juwangi","Ds. Kalimati",
"Jawa Tengah",Boyolali,"Kec. Juwangi","Ds. Kayen",
"Jawa Tengah",Boyolali,"Kec. Juwangi","Ds. Krobokan",
"Jawa Tengah",Boyolali,"Kec. Juwangi","Ds. Ngaren",
"Jawa Tengah",Boyolali,"Kec. Juwangi","Ds. Ngleses",
"Jawa Tengah",Boyolali,"Kec. Juwangi","Ds. Pilangrejo",
"Jawa Tengah",Boyolali,"Kec. Juwangi","Kec. Sambeng",
"Jawa Tengah",Boyolali,"Kec. Karanggede","Ds. Bangkok",
"Jawa Tengah",Boyolali,"Kec. Karanggede","Ds. Bantengan",
"Jawa Tengah",Boyolali,"Kec. Karanggede","Ds. Dologan",
"Jawa Tengah",Boyolali,"Kec. Karanggede","Ds. Grogolan",
"Jawa Tengah",Boyolali,"Kec. Karanggede","Ds. Karangkepoh",
"Jawa Tengah",Boyolali,"Kec. Karanggede","Ds. Kebonan",
"Jawa Tengah",Boyolali,"Kec. Karanggede","Ds. Klari",
"Jawa Tengah",Boyolali,"Kec. Karanggede","Ds. Klumpit",
"Jawa Tengah",Boyolali,"Kec. Karanggede","Ds. Manyaran",
"Jawa Tengah",Boyolali,"Kec. Karanggede","Ds. Mojosari",
"Jawa Tengah",Boyolali,"Kec. Karanggede","Ds. Pengkol",
"Jawa Tengah",Boyolali,"Kec. Karanggede","Ds. Pinggir",
"Jawa Tengah",Boyolali,"Kec. Karanggede","Ds. Sempulur",
"Jawa Tengah",Boyolali,"Kec. Karanggede","Ds. Sendang",
"Jawa Tengah",Boyolali,"Kec. Karanggede","Ds. Sranten",
"Jawa Tengah",Boyolali,"Kec. Karanggede","Ds. Tegalsari",
"Jawa Tengah",Boyolali,"Kec. Kemusu","Ds. Bawu",
"Jawa Tengah",Boyolali,"Kec. Kemusu","Ds. Genengsari",
"Jawa Tengah",Boyolali,"Kec. Kemusu","Ds. Kedungmulyo",
"Jawa Tengah",Boyolali,"Kec. Kemusu","Ds. Kedungrejo",
"Jawa Tengah",Boyolali,"Kec. Kemusu","Ds. Kemusu",
"Jawa Tengah",Boyolali,"Kec. Kemusu","Ds. Kendel",
"Jawa Tengah",Boyolali,"Kec. Kemusu","Ds. Klewor",
"Jawa Tengah",Boyolali,"Kec. Kemusu","Ds. Sarimulyo",
"Jawa Tengah",Boyolali,"Kec. Kemusu","Ds. Watugede",
"Jawa Tengah",Boyolali,"Kec. Kemusu","Ds. Wonoharjo",
"Jawa Tengah",Boyolali,"Kec. Klego","Ds. Bade",
"Jawa Tengah",Boyolali,"Kec. Klego","Ds. Banyuurip",
"Jawa Tengah",Boyolali,"Kec. Klego","Ds. Blumbang",
"Jawa Tengah",Boyolali,"Kec. Klego","Ds. Gondanglegi",
"Jawa Tengah",Boyolali,"Kec. Klego","Ds. Jaten",
"Jawa Tengah",Boyolali,"Kec. Klego","Ds. Kalangan",
"Jawa Tengah",Boyolali,"Kec. Klego","Ds. Karanggatak",
"Jawa Tengah",Boyolali,"Kec. Klego","Ds. Karangmojo",
"Jawa Tengah",Boyolali,"Kec. Klego","Ds. Klego",
"Jawa Tengah",Boyolali,"Kec. Klego","Ds. Sangge",
"Jawa Tengah",Boyolali,"Kec. Klego","Ds. Sendangrejo",
"Jawa Tengah",Boyolali,"Kec. Klego","Ds. Sumberagung",
"Jawa Tengah",Boyolali,"Kec. Klego","Ds. Tanjung",
"Jawa Tengah",Boyolali,"Kec. Mojosongo","Ds. Brajan",
"Jawa Tengah",Boyolali,"Kec. Mojosongo","Ds. Butuh",
"Jawa Tengah",Boyolali,"Kec. Mojosongo","Ds. Dlingo",
"Jawa Tengah",Boyolali,"Kec. Mojosongo","Ds. Karangnongko",
"Jawa Tengah",Boyolali,"Kec. Mojosongo","Ds. Kragilan",
"Jawa Tengah",Boyolali,"Kec. Mojosongo","Ds. Madu",
"Jawa Tengah",Boyolali,"Kec. Mojosongo","Ds. Manggis",
"Jawa Tengah",Boyolali,"Kec. Mojosongo","Ds. Metuk",
"Jawa Tengah",Boyolali,"Kec. Mojosongo","Ds. Singosari",
"Jawa Tengah",Boyolali,"Kec. Mojosongo","Ds. Tambak",
"Jawa Tengah",Boyolali,"Kec. Mojosongo","Ds. Tambak",
"Jawa Tengah",Boyolali,"Kec. Mojosongo","Kel. Kemiri",
"Jawa Tengah",Boyolali,"Kec. Mojosongo","Kel. Mojosongo",
"Jawa Tengah",Boyolali,"Kec. Ngemplak","Ds. Dibal",
"Jawa Tengah",Boyolali,"Kec. Ngemplak","Ds. Donohudan",
"Jawa Tengah",Boyolali,"Kec. Ngemplak","Ds. Gagaksipat",
"Jawa Tengah",Boyolali,"Kec. Ngemplak","Ds. Giriroto",
"Jawa Tengah",Boyolali,"Kec. Ngemplak","Ds. Kismoyoso",
"Jawa Tengah",Boyolali,"Kec. Ngemplak","Ds. Manggung",
"Jawa Tengah",Boyolali,"Kec. Ngemplak","Ds. Ngargorejo",
"Jawa Tengah",Boyolali,"Kec. Ngemplak","Ds. Ngesrep",
"Jawa Tengah",Boyolali,"Kec. Ngemplak","Ds. Pandeyan",
"Jawa Tengah",Boyolali,"Kec. Ngemplak","Ds. Sawahan",
"Jawa Tengah",Boyolali,"Kec. Ngemplak","Ds. Sindon",
"Jawa Tengah",Boyolali,"Kec. Ngemplak","Ds. Sobokerto",
"Jawa Tengah",Boyolali,"Kec. Nogosari","Ds. Bendo",
"Jawa Tengah",Boyolali,"Kec. Nogosari","Ds. Glonggong",
"Jawa Tengah",Boyolali,"Kec. Nogosari","Ds. Guli",
"Jawa Tengah",Boyolali,"Kec. Nogosari","Ds. Jeron",
"Jawa Tengah",Boyolali,"Kec. Nogosari","Ds. Kenteng",
"Jawa Tengah",Boyolali,"Kec. Nogosari","Ds. Ketitang",
"Jawa Tengah",Boyolali,"Kec. Nogosari","Ds. Keyongan",
"Jawa Tengah",Boyolali,"Kec. Nogosari","Ds. Pojok",
"Jawa Tengah",Boyolali,"Kec. Nogosari","Ds. Potronayan",
"Jawa Tengah",Boyolali,"Kec. Nogosari","Ds. Pulutan",
"Jawa Tengah",Boyolali,"Kec. Nogosari","Ds. Rembun",
"Jawa Tengah",Boyolali,"Kec. Nogosari","Ds. Sembungan",
"Jawa Tengah",Boyolali,"Kec. Nogosari","Ds. Tegalgiri",
"Jawa Tengah",Boyolali,"Kec. Sambi","Ds. Babadan",
"Jawa Tengah",Boyolali,"Kec. Sambi","Ds. Canden",
"Jawa Tengah",Boyolali,"Kec. Sambi","Ds. Catur",
"Jawa Tengah",Boyolali,"Kec. Sambi","Ds. Cermo",
"Jawa Tengah",Boyolali,"Kec. Sambi","Ds. Demangan",
"Jawa Tengah",Boyolali,"Kec. Sambi","Ds. Glintang",
"Jawa Tengah",Boyolali,"Kec. Sambi","Ds. Jagoan",
"Jawa Tengah",Boyolali,"Kec. Sambi","Ds. Jatisari",
"Jawa Tengah",Boyolali,"Kec. Sambi","Ds. Kepoh",
"Jawa Tengah",Boyolali,"Kec. Sambi","Ds. Ngaglik",
"Jawa Tengah",Boyolali,"Kec. Sambi","Ds. Nglembu",
"Jawa Tengah",Boyolali,"Kec. Sambi","Ds. Sambi",
"Jawa Tengah",Boyolali,"Kec. Sambi","Ds. Senting",
"Jawa Tengah",Boyolali,"Kec. Sambi","Ds. Tawengan",
"Jawa Tengah",Boyolali,"Kec. Sambi","Ds. Tempursari",
"Jawa Tengah",Boyolali,"Kec. Sambi","Ds. Trosobo",
"Jawa Tengah",Boyolali,"Kec. Sawit","Ds. Bendosari",
"Jawa Tengah",Boyolali,"Kec. Sawit","Ds. Cepokosawit",
"Jawa Tengah",Boyolali,"Kec. Sawit","Ds. Gombang",
"Jawa Tengah",Boyolali,"Kec. Sawit","Ds. Guwokajen",
"Jawa Tengah",Boyolali,"Kec. Sawit","Ds. Jatirejo",
"Jawa Tengah",Boyolali,"Kec. Sawit","Ds. Jenengan",
"Jawa Tengah",Boyolali,"Kec. Sawit","Ds. Karangduren",
"Jawa Tengah",Boyolali,"Kec. Sawit","Ds. Kateguhan",
"Jawa Tengah",Boyolali,"Kec. Sawit","Ds. Kemasan",
"Jawa Tengah",Boyolali,"Kec. Sawit","Ds. Manjung",
"Jawa Tengah",Boyolali,"Kec. Sawit","Ds. Tegalrejo",
"Jawa Tengah",Boyolali,"Kec. Sawit","Ds. Tlawong",
"Jawa Tengah",Boyolali,"Kec. Selo","Ds. Jeruk",
"Jawa Tengah",Boyolali,"Kec. Selo","Ds. Jrakah",
"Jawa Tengah",Boyolali,"Kec. Selo","Ds. Klakah",
"Jawa Tengah",Boyolali,"Kec. Selo","Ds. Lencoh",
"Jawa Tengah",Boyolali,"Kec. Selo","Ds. Samiran",
"Jawa Tengah",Boyolali,"Kec. Selo","Ds. Selo",
"Jawa Tengah",Boyolali,"Kec. Selo","Ds. Senden",
"Jawa Tengah",Boyolali,"Kec. Selo","Ds. Suroteleng",
"Jawa Tengah",Boyolali,"Kec. Selo","Ds. Tarubatang",
"Jawa Tengah",Boyolali,"Kec. Selo","Ds. Tlogolele",
"Jawa Tengah",Boyolali,"Kec. Simo","Ds. Bendungan",
"Jawa Tengah",Boyolali,"Kec. Simo","Ds. Blagung",
"Jawa Tengah",Boyolali,"Kec. Simo","Ds. Gunung",
"Jawa Tengah",Boyolali,"Kec. Simo","Ds. Kedunglengkong",
"Jawa Tengah",Boyolali,"Kec. Simo","Ds. Pelem",
"Jawa Tengah",Boyolali,"Kec. Simo","Ds. Pentur",
"Jawa Tengah",Boyolali,"Kec. Simo","Ds. Simo",
"Jawa Tengah",Boyolali,"Kec. Simo","Ds. Sumber",
"Jawa Tengah",Boyolali,"Kec. Simo","Ds. Talakbroto",
"Jawa Tengah",Boyolali,"Kec. Simo","Ds. Temon",
"Jawa Tengah",Boyolali,"Kec. Simo","Ds. Teter",
"Jawa Tengah",Boyolali,"Kec. Simo","Ds. Walen",
"Jawa Tengah",Boyolali,"Kec. Simo","Ds. Wates",
"Jawa Tengah",Boyolali,"Kec. Teras","Ds. Bangsalan",
"Jawa Tengah",Boyolali,"Kec. Teras","Ds. Doplang",
"Jawa Tengah",Boyolali,"Kec. Teras","Ds. Gumukrejo",
"Jawa Tengah",Boyolali,"Kec. Teras","Ds. Kadireso",
"Jawa Tengah",Boyolali,"Kec. Teras","Ds. Kopen",
"Jawa Tengah",Boyolali,"Kec. Teras","Ds. Krasak",
"Jawa Tengah",Boyolali,"Kec. Teras","Ds. Mojolegi",
"Jawa Tengah",Boyolali,"Kec. Teras","Ds. Nepen",
"Jawa Tengah",Boyolali,"Kec. Teras","Ds. Randusari",
"Jawa Tengah",Boyolali,"Kec. Teras","Ds. Salakan",
"Jawa Tengah",Boyolali,"Kec. Teras","Ds. Sudimoro",
"Jawa Tengah",Boyolali,"Kec. Teras","Ds. Tawangsari",
"Jawa Tengah",Boyolali,"Kec. Teras","Ds. Teras",
"Jawa Tengah",Boyolali,"Kec. Wonosamodro","Ds. Bengkle",
"Jawa Tengah",Boyolali,"Kec. Wonosamodro","Ds. Bercak",
"Jawa Tengah",Boyolali,"Kec. Wonosamodro","Ds. Garangan",
"Jawa Tengah",Boyolali,"Kec. Wonosamodro","Ds. Gilirejo",
"Jawa Tengah",Boyolali,"Kec. Wonosamodro","Ds. Gunungsari",
"Jawa Tengah",Boyolali,"Kec. Wonosamodro","Ds. Jatilawang",
"Jawa Tengah",Boyolali,"Kec. Wonosamodro","Ds. Kalinanas",
"Jawa Tengah",Boyolali,"Kec. Wonosamodro","Ds. Kedungpilang",
"Jawa Tengah",Boyolali,"Kec. Wonosamodro","Ds. Ngablak",
"Jawa Tengah",Boyolali,"Kec. Wonosamodro","Ds. Repaking",
"Jawa Tengah",Boyolali,"Kec. Wonosegoro","Ds. Bandung",
"Jawa Tengah",Boyolali,"Kec. Wonosegoro","Ds. Banyusri",
"Jawa Tengah",Boyolali,"Kec. Wonosegoro","Ds. Bojong",
"Jawa Tengah",Boyolali,"Kec. Wonosegoro","Ds. Bolo",
"Jawa Tengah",Boyolali,"Kec. Wonosegoro","Ds. Gosono",
"Jawa Tengah",Boyolali,"Kec. Wonosegoro","Ds. Guwo",
"Jawa Tengah",Boyolali,"Kec. Wonosegoro","Ds. Karangjati",
"Jawa Tengah",Boyolali,"Kec. Wonosegoro","Ds. Kauman",
"Jawa Tengah",Boyolali,"Kec. Wonosegoro","Ds. Ketoyan",
"Jawa Tengah",Boyolali,"Kec. Wonosegoro","Ds. Lemah Ireng",
"Jawa Tengah",Boyolali,"Kec. Wonosegoro","Ds. Wonosegoro",
"Jawa Tengah",Boyolali,Kec.Musuk,"Ds. Cluntang",
"Jawa Tengah",Boyolali,Kec.Musuk,"Ds. Dragan",
"Jawa Tengah",Boyolali,Kec.Musuk,"Ds. Kebongulo",
"Jawa Tengah",Boyolali,Kec.Musuk,"Ds. Kembangsari",
"Jawa Tengah",Boyolali,Kec.Musuk,"Ds. Musuk",
"Jawa Tengah",Boyolali,Kec.Musuk,"Ds. Pagerjurang",
"Jawa Tengah",Boyolali,Kec.Musuk,"Ds. Pusporenggo",
"Jawa Tengah",Boyolali,Kec.Musuk,"Ds. Ringinlarik",
"Jawa Tengah",Boyolali,Kec.Musuk,"Ds. Sruni",
"Jawa Tengah",Boyolali,Kec.Musuk,"Ds. Sukorame",
"Jawa Tengah",Boyolali,Kec.Musuk,"Ds. Sukorejo",
"Jawa Tengah",Boyolali,Kec.Tamansari,"Ds. Jemowo",
"Jawa Tengah",Boyolali,Kec.Tamansari,"Ds. Karanganyar",
"Jawa Tengah",Boyolali,Kec.Tamansari,"Ds. Karangkendal",
"Jawa Tengah",Boyolali,Kec.Tamansari,"Ds. Keposong",
"Jawa Tengah",Boyolali,Kec.Tamansari,"Ds. Lampar",
"Jawa Tengah",Boyolali,Kec.Tamansari,"Ds. Lanjaran",
"Jawa Tengah",Boyolali,Kec.Tamansari,"Ds. Mriyan",
"Jawa Tengah",Boyolali,Kec.Tamansari,"Ds. Sangup",
"Jawa Tengah",Boyolali,Kec.Tamansari,"Ds. Sumur",
"Jawa Tengah",Karangayar,"Kec. Colomadu","Ds. Baturan",
"Jawa Tengah",Karangayar,"Kec. Colomadu","Ds. Blulukan",
"Jawa Tengah",Karangayar,"Kec. Colomadu","Ds. Bolon",
"Jawa Tengah",Karangayar,"Kec. Colomadu","Ds. Gajahan",
"Jawa Tengah",Karangayar,"Kec. Colomadu","Ds. Gawanan",
"Jawa Tengah",Karangayar,"Kec. Colomadu","Ds. Gedongan",
"Jawa Tengah",Karangayar,"Kec. Colomadu","Ds. Klodran",
"Jawa Tengah",Karangayar,"Kec. Colomadu","Ds. Malangjiwan",
"Jawa Tengah",Karangayar,"Kec. Colomadu","Ds. Ngasem",
"Jawa Tengah",Karangayar,"Kec. Colomadu","Ds. Paulan",
"Jawa Tengah",Karangayar,"Kec. Colomadu","Ds. Tohudan",
"Jawa Tengah",Karangayar,"Kec. Gondangrejo","Ds. Bulurejo",
"Jawa Tengah",Karangayar,"Kec. Gondangrejo","Ds. Dayu",
"Jawa Tengah",Karangayar,"Kec. Gondangrejo","Ds. Jatikuwung",
"Jawa Tengah",Karangayar,"Kec. Gondangrejo","Ds. Jeruksawit",
"Jawa Tengah",Karangayar,"Kec. Gondangrejo","Ds. Karangturi",
"Jawa Tengah",Karangayar,"Kec. Gondangrejo","Ds. Kragan",
"Jawa Tengah",Karangayar,"Kec. Gondangrejo","Ds. Krendowahono",
"Jawa Tengah",Karangayar,"Kec. Gondangrejo","Ds. Plesungan",
"Jawa Tengah",Karangayar,"Kec. Gondangrejo","Ds. Rejosari",
"Jawa Tengah",Karangayar,"Kec. Gondangrejo","Ds. Selokaton",
"Jawa Tengah",Karangayar,"Kec. Gondangrejo","Ds. Tuban",
"Jawa Tengah",Karangayar,"Kec. Gondangrejo","Ds. Wonorejo",
"Jawa Tengah",Karangayar,"Kec. Gondangrejo","Ds. Wonosari",
"Jawa Tengah",Karangayar,"Kec. Jaten","Ds. Brujul",
"Jawa Tengah",Karangayar,"Kec. Jaten","Ds. Dagen",
"Jawa Tengah",Karangayar,"Kec. Jaten","Ds. Jaten",
"Jawa Tengah",Karangayar,"Kec. Jaten","Ds. Jati",
"Jawa Tengah",Karangayar,"Kec. Jaten","Ds. Jetis",
"Jawa Tengah",Karangayar,"Kec. Jaten","Ds. Ngringgo",
"Jawa Tengah",Karangayar,"Kec. Jaten","Ds. Sroyo",
"Jawa Tengah",Karangayar,"Kec. Jaten","Ds. Suruhkalang",
"Jawa Tengah",Karangayar,"Kec. Jatipuro","Ds. Jatiharjo",
"Jawa Tengah",Karangayar,"Kec. Jatipuro","Ds. Jatikuwung",
"Jawa Tengah",Karangayar,"Kec. Jatipuro","Ds. Jatimulyo",
"Jawa Tengah",Karangayar,"Kec. Jatipuro","Ds. Jatipuro",
"Jawa Tengah",Karangayar,"Kec. Jatipuro","Ds. Jatipurwo",
"Jawa Tengah",Karangayar,"Kec. Jatipuro","Ds. Jatiroyo",
"Jawa Tengah",Karangayar,"Kec. Jatipuro","Ds. Jatisobo",
"Jawa Tengah",Karangayar,"Kec. Jatipuro","Ds. Jatisuko",
"Jawa Tengah",Karangayar,"Kec. Jatipuro","Ds. Jatiwarno",
"Jawa Tengah",Karangayar,"Kec. Jatipuro","Ds. Ngepungsari",
"Jawa Tengah",Karangayar,"Kec. Jatiyoso","Ds. Beruk",
"Jawa Tengah",Karangayar,"Kec. Jatiyoso","Ds. Jatisawit",
"Jawa Tengah",Karangayar,"Kec. Jatiyoso","Ds. Jatiyoso",
"Jawa Tengah",Karangayar,"Kec. Jatiyoso","Ds. Karangsari",
"Jawa Tengah",Karangayar,"Kec. Jatiyoso","Ds. Petung",
"Jawa Tengah",Karangayar,"Kec. Jatiyoso","Ds. Tlobo",
"Jawa Tengah",Karangayar,"Kec. Jatiyoso","Ds. Wonokeling",
"Jawa Tengah",Karangayar,"Kec. Jatiyoso","Ds. Wonorejo",
"Jawa Tengah",Karangayar,"Kec. Jatiyoso","Ds. Wukirsawit",
"Jawa Tengah",Karangayar,"Kec. Jenawi","Ds. Anggrasmanis",
"Jawa Tengah",Karangayar,"Kec. Jenawi","Ds. Balong",
"Jawa Tengah",Karangayar,"Kec. Jenawi","Ds. Gumeng",
"Jawa Tengah",Karangayar,"Kec. Jenawi","Ds. Jenawi",
"Jawa Tengah",Karangayar,"Kec. Jenawi","Ds. Lempong",
"Jawa Tengah",Karangayar,"Kec. Jenawi","Ds. Menjing",
"Jawa Tengah",Karangayar,"Kec. Jenawi","Ds. Seloromo",
"Jawa Tengah",Karangayar,"Kec. Jenawi","Ds. Sidomukti",
"Jawa Tengah",Karangayar,"Kec. Jenawi","Ds. Trengguli",
"Jawa Tengah",Karangayar,"Kec. Jumantono","Ds. Blorong",
"Jawa Tengah",Karangayar,"Kec. Jumantono","Ds. Gemantar",
"Jawa Tengah",Karangayar,"Kec. Jumantono","Ds. Genengan",
"Jawa Tengah",Karangayar,"Kec. Jumantono","Ds. Kebak",
"Jawa Tengah",Karangayar,"Kec. Jumantono","Ds. Ngunut",
"Jawa Tengah",Karangayar,"Kec. Jumantono","Ds. Sambirejo",
"Jawa Tengah",Karangayar,"Kec. Jumantono","Ds. Sedayu",
"Jawa Tengah",Karangayar,"Kec. Jumantono","Ds. Sringin",
"Jawa Tengah",Karangayar,"Kec. Jumantono","Ds. Sukosari",
"Jawa Tengah",Karangayar,"Kec. Jumantono","Ds. Tugu",
"Jawa Tengah",Karangayar,"Kec. Jumantono","Ds. Tunggulrejo",
"Jawa Tengah",Karangayar,"Kec. Jumapolo","Ds. Bakalan",
"Jawa Tengah",Karangayar,"Kec. Jumapolo","Ds. Giriwondo",
"Jawa Tengah",Karangayar,"Kec. Jumapolo","Ds. Jatirejo",
"Jawa Tengah",Karangayar,"Kec. Jumapolo","Ds. Jumantoro",
"Jawa Tengah",Karangayar,"Kec. Jumapolo","Ds. Jumapolo",
"Jawa Tengah",Karangayar,"Kec. Jumapolo","Ds. Kadipiro",
"Jawa Tengah",Karangayar,"Kec. Jumapolo","Ds. Karangbangun",
"Jawa Tengah",Karangayar,"Kec. Jumapolo","Ds. Kedawung",
"Jawa Tengah",Karangayar,"Kec. Jumapolo","Ds. Kwangsan",
"Jawa Tengah",Karangayar,"Kec. Jumapolo","Ds. Lemahbang",
"Jawa Tengah",Karangayar,"Kec. Jumapolo","Ds. Paseban",
"Jawa Tengah",Karangayar,"Kec. Jumapolo","Ds. Ploso",
"Jawa Tengah",Karangayar,"Kec. Karanganyar","Kel .Cangakan",
"Jawa Tengah",Karangayar,"Kec. Karanganyar","Kel .Gayamdompo",
"Jawa Tengah",Karangayar,"Kec. Karanganyar","Kel. Bejen",
"Jawa Tengah",Karangayar,"Kec. Karanganyar","Kel. Bolong",
"Jawa Tengah",Karangayar,"Kec. Karanganyar","Kel. Delingan",
"Jawa Tengah",Karangayar,"Kec. Karanganyar","Kel. Gedong",
"Jawa Tengah",Karangayar,"Kec. Karanganyar","Kel. Jantiharjo",
"Jawa Tengah",Karangayar,"Kec. Karanganyar","Kel. Jungke",
"Jawa Tengah",Karangayar,"Kec. Karanganyar","Kel. Karanganyar",
"Jawa Tengah",Karangayar,"Kec. Karanganyar","Kel. Lalung",
"Jawa Tengah",Karangayar,"Kec. Karanganyar","Kel. Popongan",
"Jawa Tengah",Karangayar,"Kec. Karanganyar","Kel. Tegalgede",
"Jawa Tengah",Karangayar,"Kec. Karangpandan","Ds. Bangsari",
"Jawa Tengah",Karangayar,"Kec. Karangpandan","Ds. Dayu",
"Jawa Tengah",Karangayar,"Kec. Karangpandan","Ds. Doplang",
"Jawa Tengah",Karangayar,"Kec. Karangpandan","Ds. Gerdu",
"Jawa Tengah",Karangayar,"Kec. Karangpandan","Ds. Gondangmanis",
"Jawa Tengah",Karangayar,"Kec. Karangpandan","Ds. Harjosari",
"Jawa Tengah",Karangayar,"Kec. Karangpandan","Ds. Karang",
"Jawa Tengah",Karangayar,"Kec. Karangpandan","Ds. Karangpandan",
"Jawa Tengah",Karangayar,"Kec. Karangpandan","Ds. Ngemplak",
"Jawa Tengah",Karangayar,"Kec. Karangpandan","Ds. Salam",
"Jawa Tengah",Karangayar,"Kec. Karangpandan","Ds. Tohkuning",
"Jawa Tengah",Karangayar,"Kec. Kebakkramat","Ds. Alastuo",
"Jawa Tengah",Karangayar,"Kec. Kebakkramat","Ds. Banjarharjo",
"Jawa Tengah",Karangayar,"Kec. Kebakkramat","Ds. Kaliwuluh",
"Jawa Tengah",Karangayar,"Kec. Kebakkramat","Ds. Kemiri",
"Jawa Tengah",Karangayar,"Kec. Kebakkramat","Ds. Macanan",
"Jawa Tengah",Karangayar,"Kec. Kebakkramat","Ds. Malanggaten",
"Jawa Tengah",Karangayar,"Kec. Kebakkramat","Ds. Nangsri",
"Jawa Tengah",Karangayar,"Kec. Kebakkramat","Ds. Padang",
"Jawa Tengah",Karangayar,"Kec. Kebakkramat","Ds. Pulosari",
"Jawa Tengah",Karangayar,"Kec. Kebakkramat","Ds. Waru",
"Jawa Tengah",Karangayar,"Kec. Kerjo","Ds. Botok",
"Jawa Tengah",Karangayar,"Kec. Kerjo","Ds. Ganten",
"Jawa Tengah",Karangayar,"Kec. Kerjo","Ds. Gempolan",
"Jawa Tengah",Karangayar,"Kec. Kerjo","Ds. Karangrejo",
"Jawa Tengah",Karangayar,"Kec. Kerjo","Ds. Kuto",
"Jawa Tengah",Karangayar,"Kec. Kerjo","Ds. Kwadungan",
"Jawa Tengah",Karangayar,"Kec. Kerjo","Ds. Plosorejo",
"Jawa Tengah",Karangayar,"Kec. Kerjo","Ds. Sumberejo",
"Jawa Tengah",Karangayar,"Kec. Kerjo","Ds. Tamansari",
"Jawa Tengah",Karangayar,"Kec. Kerjo","Ds. Tawangsari",
"Jawa Tengah",Karangayar,"Kec. Matesih","Ds. Dawung",
"Jawa Tengah",Karangayar,"Kec. Matesih","Ds. Gantiwarno",
"Jawa Tengah",Karangayar,"Kec. Matesih","Ds. Girilayu",
"Jawa Tengah",Karangayar,"Kec. Matesih","Ds. Karangbangun",
"Jawa Tengah",Karangayar,"Kec. Matesih","Ds. Koripan",
"Jawa Tengah",Karangayar,"Kec. Matesih","Ds. Matesih",
"Jawa Tengah",Karangayar,"Kec. Matesih","Ds. Ngadiluwih",
"Jawa Tengah",Karangayar,"Kec. Matesih","Ds. Pablengan",
"Jawa Tengah",Karangayar,"Kec. Matesih","Ds. Plosorejo",
"Jawa Tengah",Karangayar,"Kec. Mojogedang","Ds. Buntar",
"Jawa Tengah",Karangayar,"Kec. Mojogedang","Ds. Gebyok",
"Jawa Tengah",Karangayar,"Kec. Mojogedang","Ds. Gentungan",
"Jawa Tengah",Karangayar,"Kec. Mojogedang","Ds. Kaliboto",
"Jawa Tengah",Karangayar,"Kec. Mojogedang","Ds. Kedungjeruk",
"Jawa Tengah",Karangayar,"Kec. Mojogedang","Ds. Mojogedang",
"Jawa Tengah",Karangayar,"Kec. Mojogedang","Ds. Mojoroto",
"Jawa Tengah",Karangayar,"Kec. Mojogedang","Ds. Munggur",
"Jawa Tengah",Karangayar,"Kec. Mojogedang","Ds. Ngadirejo",
"Jawa Tengah",Karangayar,"Kec. Mojogedang","Ds. Pendem",
"Jawa Tengah",Karangayar,"Kec. Mojogedang","Ds. Pereng",
"Jawa Tengah",Karangayar,"Kec. Mojogedang","Ds. Pojok",
"Jawa Tengah",Karangayar,"Kec. Mojogedang","Ds. Sewurejo",
"Jawa Tengah",Karangayar,"Kec. Ngargoyoso","Ds. Berjo",
"Jawa Tengah",Karangayar,"Kec. Ngargoyoso","Ds. Dukuh",
"Jawa Tengah",Karangayar,"Kec. Ngargoyoso","Ds. Girimulyo",
"Jawa Tengah",Karangayar,"Kec. Ngargoyoso","Ds. Jatirejo",
"Jawa Tengah",Karangayar,"Kec. Ngargoyoso","Ds. Kemuning",
"Jawa Tengah",Karangayar,"Kec. Ngargoyoso","Ds. Ngargoyoso",
"Jawa Tengah",Karangayar,"Kec. Ngargoyoso","Ds. Nglegok",
"Jawa Tengah",Karangayar,"Kec. Ngargoyoso","Ds. Puntukrejo",
"Jawa Tengah",Karangayar,"Kec. Ngargoyoso","Ds. Segorogunung",
"Jawa Tengah",Karangayar,"Kec. Tasikmadu","Ds. Buran",
"Jawa Tengah",Karangayar,"Kec. Tasikmadu","Ds. Gaum",
"Jawa Tengah",Karangayar,"Kec. Tasikmadu","Ds. Kalijirak",
"Jawa Tengah",Karangayar,"Kec. Tasikmadu","Ds. Kaling",
"Jawa Tengah",Karangayar,"Kec. Tasikmadu","Ds. Karangmojo",
"Jawa Tengah",Karangayar,"Kec. Tasikmadu","Ds. Ngijo",
"Jawa Tengah",Karangayar,"Kec. Tasikmadu","Ds. Pandeyan",
"Jawa Tengah",Karangayar,"Kec. Tasikmadu","Ds. Papahan",
"Jawa Tengah",Karangayar,"Kec. Tasikmadu","Ds. Suruh",
"Jawa Tengah",Karangayar,"Kec. Tasikmadu","Ds. Wonolopo",
"Jawa Tengah",Karangayar,"Kec. Tawangmangu","Ds. Bandardawung",
"Jawa Tengah",Karangayar,"Kec. Tawangmangu","Ds. Gondosuli",
"Jawa Tengah",Karangayar,"Kec. Tawangmangu","Ds. Karanglo",
"Jawa Tengah",Karangayar,"Kec. Tawangmangu","Ds. Nglebak",
"Jawa Tengah",Karangayar,"Kec. Tawangmangu","Ds. Plumbon",
"Jawa Tengah",Karangayar,"Kec. Tawangmangu","Ds. Sepanjang",
"Jawa Tengah",Karangayar,"Kec. Tawangmangu","Ds. Tengklik",
"Jawa Tengah",Karangayar,"Kec. Tawangmangu","Kel Blumbang",
"Jawa Tengah",Karangayar,"Kec. Tawangmangu","Kel. Kalisoro",
"Jawa Tengah",Karangayar,"Kec. Tawangmangu","Kel. Tawangmangu",
"Jawa Tengah",Klaten,"Kec Kemalang","Ds. Balerante",
"Jawa Tengah",Klaten,"Kec Kemalang","Ds. Bawukan",
"Jawa Tengah",Klaten,"Kec Kemalang","Ds. Bumiharjo",
"Jawa Tengah",Klaten,"Kec Kemalang","Ds. Dompol",
"Jawa Tengah",Klaten,"Kec Kemalang","Ds. Kemalang",
"Jawa Tengah",Klaten,"Kec Kemalang","Ds. Kendalsari",
"Jawa Tengah",Klaten,"Kec Kemalang","Ds. Keputran",
"Jawa Tengah",Klaten,"Kec Kemalang","Ds. Panggang",
"Jawa Tengah",Klaten,"Kec Kemalang","Ds. Sidorejo",
"Jawa Tengah",Klaten,"Kec Kemalang","Ds. Talun",
"Jawa Tengah",Klaten,"Kec Kemalang","Ds. Tangkil",
"Jawa Tengah",Klaten,"Kec Kemalang","Ds. Tegal Mulyo",
"Jawa Tengah",Klaten,"Kec Kemalang","Ds. Tlogowatu",
"Jawa Tengah",Klaten,"Kec. Bayat","Ds. Banyuripan",
"Jawa Tengah",Klaten,"Kec. Bayat","Ds. Beluk",
"Jawa Tengah",Klaten,"Kec. Bayat","Ds. Bogem",
"Jawa Tengah",Klaten,"Kec. Bayat","Ds. Dukuh",
"Jawa Tengah",Klaten,"Kec. Bayat","Ds. Gunung Gajah",
"Jawa Tengah",Klaten,"Kec. Bayat","Ds. Jambakan",
"Jawa Tengah",Klaten,"Kec. Bayat","Ds. Jarum",
"Jawa Tengah",Klaten,"Kec. Bayat","Ds. Jotangan",
"Jawa Tengah",Klaten,"Kec. Bayat","Ds. Kebon",
"Jawa Tengah",Klaten,"Kec. Bayat","Ds. Krakitan",
"Jawa Tengah",Klaten,"Kec. Bayat","Ds. Krikilan",
"Jawa Tengah",Klaten,"Kec. Bayat","Ds. Nengahan",
"Jawa Tengah",Klaten,"Kec. Bayat","Ds. Ngerangan",
"Jawa Tengah",Klaten,"Kec. Bayat","Ds. Paseban",
"Jawa Tengah",Klaten,"Kec. Bayat","Ds. Talang",
"Jawa Tengah",Klaten,"Kec. Bayat","Ds. Tawang Rejo",
"Jawa Tengah",Klaten,"Kec. Bayat","Ds. Tegalrejo",
"Jawa Tengah",Klaten,"Kec. Bayat","Ds. Wiro",
"Jawa Tengah",Klaten,"Kec. Cawas","Ds. Balak",
"Jawa Tengah",Klaten,"Kec. Cawas","Ds. Baran",
"Jawa Tengah",Klaten,"Kec. Cawas","Ds. Barepan",
"Jawa Tengah",Klaten,"Kec. Cawas","Ds. Bawak",
"Jawa Tengah",Klaten,"Kec. Cawas","Ds. Bendungan",
"Jawa Tengah",Klaten,"Kec. Cawas","Ds. Bogor",
"Jawa Tengah",Klaten,"Kec. Cawas","Ds. Burikan",
"Jawa Tengah",Klaten,"Kec. Cawas","Ds. Cawas",
"Jawa Tengah",Klaten,"Kec. Cawas","Ds. Gombang",
"Jawa Tengah",Klaten,"Kec. Cawas","Ds. Japanan",
"Jawa Tengah",Klaten,"Kec. Cawas","Ds. Karangasem",
"Jawa Tengah",Klaten,"Kec. Cawas","Ds. Kedungampel",
"Jawa Tengah",Klaten,"Kec. Cawas","Ds. Mlese",
"Jawa Tengah",Klaten,"Kec. Cawas","Ds. Nanggulan",
"Jawa Tengah",Klaten,"Kec. Cawas","Ds. Pakisan",
"Jawa Tengah",Klaten,"Kec. Cawas","Ds. Plosowangi",
"Jawa Tengah",Klaten,"Kec. Cawas","Ds. Pogong",
"Jawa Tengah",Klaten,"Kec. Cawas","Ds. Tirtomarto",
"Jawa Tengah",Klaten,"Kec. Cawas","Ds. Tlingsing",
"Jawa Tengah",Klaten,"Kec. Cawas","Ds. Tugu",
"Jawa Tengah",Klaten,"Kec. Ceper","Ds. Ceper",
"Jawa Tengah",Klaten,"Kec. Ceper","Ds. Dlimas",
"Jawa Tengah",Klaten,"Kec. Ceper","Ds. Jambukidul",
"Jawa Tengah",Klaten,"Kec. Ceper","Ds. Jambukulon",
"Jawa Tengah",Klaten,"Kec. Ceper","Ds. Jombor",
"Jawa Tengah",Klaten,"Kec. Ceper","Ds. Kajen",
"Jawa Tengah",Klaten,"Kec. Ceper","Ds. Klepu",
"Jawa Tengah",Klaten,"Kec. Ceper","Ds. Kujon Dan Cetan",
"Jawa Tengah",Klaten,"Kec. Ceper","Ds. Kuncen",
"Jawa Tengah",Klaten,"Kec. Ceper","Ds. Kurung Dan Pokak",
"Jawa Tengah",Klaten,"Kec. Ceper","Ds. Meger",
"Jawa Tengah",Klaten,"Kec. Ceper","Ds. Mlese Dan Pasungan",
"Jawa Tengah",Klaten,"Kec. Ceper","Ds. Ngawonggo",
"Jawa Tengah",Klaten,"Kec. Ceper","Ds. Srebegan",
"Jawa Tengah",Klaten,"Kec. Ceper","Ds. Tegalrejo",
"Jawa Tengah",Klaten,"Kec. Delanggu","Ds. Banaran",
"Jawa Tengah",Klaten,"Kec. Delanggu","Ds. Bowan",
"Jawa Tengah",Klaten,"Kec. Delanggu","Ds. Butuhan",
"Jawa Tengah",Klaten,"Kec. Delanggu","Ds. Delanggu",
"Jawa Tengah",Klaten,"Kec. Delanggu","Ds. Dukuh",
"Jawa Tengah",Klaten,"Kec. Delanggu","Ds. Gatak",
"Jawa Tengah",Klaten,"Kec. Delanggu","Ds. Jetis",
"Jawa Tengah",Klaten,"Kec. Delanggu","Ds. Karang",
"Jawa Tengah",Klaten,"Kec. Delanggu","Ds. Kepanjen",
"Jawa Tengah",Klaten,"Kec. Delanggu","Ds. Krecek",
"Jawa Tengah",Klaten,"Kec. Delanggu","Ds. Mendak",
"Jawa Tengah",Klaten,"Kec. Delanggu","Ds. Sabrang",
"Jawa Tengah",Klaten,"Kec. Delanggu","Ds. Segaran",
"Jawa Tengah",Klaten,"Kec. Delanggu","Ds. Sidomulyo",
"Jawa Tengah",Klaten,"Kec. Delanggu","Ds. Sribit",
"Jawa Tengah",Klaten,"Kec. Delanggu","Ds. Tlobong",
"Jawa Tengah",Klaten,"Kec. Gantiwarno","Ds. Baturan",
"Jawa Tengah",Klaten,"Kec. Gantiwarno","Ds. Ceporan",
"Jawa Tengah",Klaten,"Kec. Gantiwarno","Ds. Gentan",
"Jawa Tengah",Klaten,"Kec. Gantiwarno","Ds. Gesikan",
"Jawa Tengah",Klaten,"Kec. Gantiwarno","Ds. Jabung",
"Jawa Tengah",Klaten,"Kec. Gantiwarno","Ds. Jogoprayan",
"Jawa Tengah",Klaten,"Kec. Gantiwarno","Ds. Karangturi",
"Jawa Tengah",Klaten,"Kec. Gantiwarno","Ds. Katekan",
"Jawa Tengah",Klaten,"Kec. Gantiwarno","Ds. Kerten",
"Jawa Tengah",Klaten,"Kec. Gantiwarno","Ds. Kragilan",
"Jawa Tengah",Klaten,"Kec. Gantiwarno","Ds. Mlese",
"Jawa Tengah",Klaten,"Kec. Gantiwarno","Ds. Muruh",
"Jawa Tengah",Klaten,"Kec. Gantiwarno","Ds. Mutihan",
"Jawa Tengah",Klaten,"Kec. Gantiwarno","Ds. Sawit",
"Jawa Tengah",Klaten,"Kec. Gantiwarno","Ds. Towangsan",
"Jawa Tengah",Klaten,"Kec. Jatinom","Ds. Bandungan",
"Jawa Tengah",Klaten,"Kec. Jatinom","Ds. Bengking",
"Jawa Tengah",Klaten,"Kec. Jatinom","Ds. Beteng",
"Jawa Tengah",Klaten,"Kec. Jatinom","Ds. Bonyokan",
"Jawa Tengah",Klaten,"Kec. Jatinom","Ds. Cawan",
"Jawa Tengah",Klaten,"Kec. Jatinom","Ds. Gedaren",
"Jawa Tengah",Klaten,"Kec. Jatinom","Ds. Glagah",
"Jawa Tengah",Klaten,"Kec. Jatinom","Ds. Jemawan",
"Jawa Tengah",Klaten,"Kec. Jatinom","Ds. Kayumas",
"Jawa Tengah",Klaten,"Kec. Jatinom","Ds. Krajan",
"Jawa Tengah",Klaten,"Kec. Jatinom","Ds. Mranggen",
"Jawa Tengah",Klaten,"Kec. Jatinom","Ds. Pandeyan",
"Jawa Tengah",Klaten,"Kec. Jatinom","Ds. Puluhan",
"Jawa Tengah",Klaten,"Kec. Jatinom","Ds. Randu Lanang",
"Jawa Tengah",Klaten,"Kec. Jatinom","Ds. Socokangsi",
"Jawa Tengah",Klaten,"Kec. Jatinom","Ds. Temuireng",
"Jawa Tengah",Klaten,"Kec. Jatinom","Ds. Tibayan",
"Jawa Tengah",Klaten,"Kec. Jatinom","Kel. Jatinom",
"Jawa Tengah",Klaten,"Kec. Jogonalan","Ds. Bakung",
"Jawa Tengah",Klaten,"Kec. Jogonalan","Ds. Dompyongan",
"Jawa Tengah",Klaten,"Kec. Jogonalan","Ds. Gondangan",
"Jawa Tengah",Klaten,"Kec. Jogonalan","Ds. Granting",
"Jawa Tengah",Klaten,"Kec. Jogonalan","Ds. Joton",
"Jawa Tengah",Klaten,"Kec. Jogonalan","Ds. Karang Dukuh",
"Jawa Tengah",Klaten,"Kec. Jogonalan","Ds. Kraguman",
"Jawa Tengah",Klaten,"Kec. Jogonalan","Ds. Ngering",
"Jawa Tengah",Klaten,"Kec. Jogonalan","Ds. Pangkahan",
"Jawa Tengah",Klaten,"Kec. Jogonalan","Ds. Plawikan",
"Jawa Tengah",Klaten,"Kec. Jogonalan","Ds. Prawatan",
"Jawa Tengah",Klaten,"Kec. Jogonalan","Ds. Rejoso",
"Jawa Tengah",Klaten,"Kec. Jogonalan","Ds. Somopuro",
"Jawa Tengah",Klaten,"Kec. Jogonalan","Ds. Sumyang",
"Jawa Tengah",Klaten,"Kec. Jogonalan","Ds. Tambakan",
"Jawa Tengah",Klaten,"Kec. Jogonalan","Ds. Tangkisan Pos",
"Jawa Tengah",Klaten,"Kec. Jogonalan","Ds. Titang",
"Jawa Tengah",Klaten,"Kec. Jogonalan","Ds. Wonoboyo",
"Jawa Tengah",Klaten,"Kec. Juwiring","Ds. Bolopleret",
"Jawa Tengah",Klaten,"Kec. Juwiring","Ds. Bulurejo",
"Jawa Tengah",Klaten,"Kec. Juwiring","Ds. Carikan",
"Jawa Tengah",Klaten,"Kec. Juwiring","Ds. Gondangsari",
"Jawa Tengah",Klaten,"Kec. Juwiring","Ds. Jaten",
"Jawa Tengah",Klaten,"Kec. Juwiring","Ds. Jetis",
"Jawa Tengah",Klaten,"Kec. Juwiring","Ds. Juwiran",
"Jawa Tengah",Klaten,"Kec. Juwiring","Ds. Juwiring",
"Jawa Tengah",Klaten,"Kec. Juwiring","Ds. Kenaiban",
"Jawa Tengah",Klaten,"Kec. Juwiring","Ds. Ketitang",
"Jawa Tengah",Klaten,"Kec. Juwiring","Ds. Kwarasan",
"Jawa Tengah",Klaten,"Kec. Juwiring","Ds. Mrisen",
"Jawa Tengah",Klaten,"Kec. Juwiring","Ds. Pundungan",
"Jawa Tengah",Klaten,"Kec. Juwiring","Ds. Sawahan",
"Jawa Tengah",Klaten,"Kec. Juwiring","Ds. Serenan",
"Jawa Tengah",Klaten,"Kec. Juwiring","Ds. Taji",
"Jawa Tengah",Klaten,"Kec. Juwiring","Ds. Tanjung",
"Jawa Tengah",Klaten,"Kec. Juwiring","Ds. Tlogorandu",
"Jawa Tengah",Klaten,"Kec. Juwiring","Ds. Trasan",
"Jawa Tengah",Klaten,"Kec. Kalikotes","Ds. Gemblegan",
"Jawa Tengah",Klaten,"Kec. Kalikotes","Ds. Jimbung",
"Jawa Tengah",Klaten,"Kec. Kalikotes","Ds. Jogosetran",
"Jawa Tengah",Klaten,"Kec. Kalikotes","Ds. Kalikotes",
"Jawa Tengah",Klaten,"Kec. Kalikotes","Ds. Krajan",
"Jawa Tengah",Klaten,"Kec. Kalikotes","Ds. Ngemplak",
"Jawa Tengah",Klaten,"Kec. Kalikotes","Ds. Tambongwetan",
"Jawa Tengah",Klaten,"Kec. Karanganaom","Ds. Beku",
"Jawa Tengah",Klaten,"Kec. Karanganaom","Ds. Blanciran",
"Jawa Tengah",Klaten,"Kec. Karanganaom","Ds. Brangkal",
"Jawa Tengah",Klaten,"Kec. Karanganaom","Ds. Gempol",
"Jawa Tengah",Klaten,"Kec. Karanganaom","Ds. Gledeg",
"Jawa Tengah",Klaten,"Kec. Karanganaom","Ds. Jambeyan",
"Jawa Tengah",Klaten,"Kec. Karanganaom","Ds. Jeblog",
"Jawa Tengah",Klaten,"Kec. Karanganaom","Ds. Jungkare",
"Jawa Tengah",Klaten,"Kec. Karanganaom","Ds. Jurang Jero",
"Jawa Tengah",Klaten,"Kec. Karanganaom","Ds. Kadirejo",
"Jawa Tengah",Klaten,"Kec. Karanganaom","Ds. Karangan",
"Jawa Tengah",Klaten,"Kec. Karanganaom","Ds. Karanganom",
"Jawa Tengah",Klaten,"Kec. Karanganaom","Ds. Kunden",
"Jawa Tengah",Klaten,"Kec. Karanganaom","Ds. Ngabeyan",
"Jawa Tengah",Klaten,"Kec. Karanganaom","Ds. Padas",
"Jawa Tengah",Klaten,"Kec. Karanganaom","Ds. Pondok",
"Jawa Tengah",Klaten,"Kec. Karanganaom","Ds. Soropaten",
"Jawa Tengah",Klaten,"Kec. Karanganaom","Ds. Tarubasan",
"Jawa Tengah",Klaten,"Kec. Karanganaom","Ds. Troso",
"Jawa Tengah",Klaten,"Kec. Karangdowo","Ds. Babadan",
"Jawa Tengah",Klaten,"Kec. Karangdowo","Ds. Bakungan",
"Jawa Tengah",Klaten,"Kec. Karangdowo","Ds. Bulusan",
"Jawa Tengah",Klaten,"Kec. Karangdowo","Ds. Demangan",
"Jawa Tengah",Klaten,"Kec. Karangdowo","Ds. Karangdowo",
"Jawa Tengah",Klaten,"Kec. Karangdowo","Ds. Karangjoho",
"Jawa Tengah",Klaten,"Kec. Karangdowo","Ds. Karangtalun",
"Jawa Tengah",Klaten,"Kec. Karangdowo","Ds. Karangwungu",
"Jawa Tengah",Klaten,"Kec. Karangdowo","Ds. Kupang",
"Jawa Tengah",Klaten,"Kec. Karangdowo","Ds. Munggung",
"Jawa Tengah",Klaten,"Kec. Karangdowo","Ds. Ngolodono",
"Jawa Tengah",Klaten,"Kec. Karangdowo","Ds. Pugeran",
"Jawa Tengah",Klaten,"Kec. Karangdowo","Ds. Ringin Putih",
"Jawa Tengah",Klaten,"Kec. Karangdowo","Ds. Sentono",
"Jawa Tengah",Klaten,"Kec. Karangdowo","Ds. Soka",
"Jawa Tengah",Klaten,"Kec. Karangdowo","Ds. Tambak",
"Jawa Tengah",Klaten,"Kec. Karangdowo","Ds. Tegal Ampel",
"Jawa Tengah",Klaten,"Kec. Karangdowo","Ds. Tulas",
"Jawa Tengah",Klaten,"Kec. Karangdowo","Ds. Tumpukan",
"Jawa Tengah",Klaten,"Kec. Karangnongko","Ds. Banyuaeng",
"Jawa Tengah",Klaten,"Kec. Karangnongko","Ds. Blimbing",
"Jawa Tengah",Klaten,"Kec. Karangnongko","Ds. Demakijo",
"Jawa Tengah",Klaten,"Kec. Karangnongko","Ds. Gemampir",
"Jawa Tengah",Klaten,"Kec. Karangnongko","Ds. Gumul",
"Jawa Tengah",Klaten,"Kec. Karangnongko","Ds. Jagalan",
"Jawa Tengah",Klaten,"Kec. Karangnongko","Ds. Jetis",
"Jawa Tengah",Klaten,"Kec. Karangnongko","Ds. Jiwan",
"Jawa Tengah",Klaten,"Kec. Karangnongko","Ds. Kadilajo",
"Jawa Tengah",Klaten,"Kec. Karangnongko","Ds. Kanoman",
"Jawa Tengah",Klaten,"Kec. Karangnongko","Ds. Karangnongko",
"Jawa Tengah",Klaten,"Kec. Karangnongko","Ds. Logegde",
"Jawa Tengah",Klaten,"Kec. Karangnongko","Ds. Ngemplak",
"Jawa Tengah",Klaten,"Kec. Karangnongko","Ds. Somokaton",
"Jawa Tengah",Klaten,"Kec. Klaten Tengah","Ds. Gumulan",
"Jawa Tengah",Klaten,"Kec. Klaten Tengah","Ds. Jomboran",
"Jawa Tengah",Klaten,"Kec. Klaten Tengah","Ds. Semangkak",
"Jawa Tengah",Klaten,"Kec. Klaten Tengah","Kel.  Bareng",
"Jawa Tengah",Klaten,"Kec. Klaten Tengah","Kel.  Buntalan",
"Jawa Tengah",Klaten,"Kec. Klaten Tengah","Kel.  Kabupaten",
"Jawa Tengah",Klaten,"Kec. Klaten Tengah","Kel.  Mojayan",
"Jawa Tengah",Klaten,"Kec. Klaten Tengah","Kel.  Tonggalan",
"Jawa Tengah",Klaten,"Kec. Klaten Tengah","Kel. Klaten",
"Jawa Tengah",Klaten,"Kec. Klaten Utara","Ds. Belang Wetan",
"Jawa Tengah",Klaten,"Kec. Klaten Utara","Ds. Jebugan",
"Jawa Tengah",Klaten,"Kec. Klaten Utara","Ds. Jonggrangan",
"Jawa Tengah",Klaten,"Kec. Klaten Utara","Ds. Karanganom",
"Jawa Tengah",Klaten,"Kec. Klaten Utara","Ds. Kel. Bareng Lor",
"Jawa Tengah",Klaten,"Kec. Klaten Utara","Ds. Kel. Gergunung",
"Jawa Tengah",Klaten,"Kec. Klaten Utara","Ds. Ketandan",
"Jawa Tengah",Klaten,"Kec. Klaten Utara","Ds. Sekar Suli",
"Jawa Tengah",Klaten,"Kec. Manisrenggo","Ds. Barukan",
"Jawa Tengah",Klaten,"Kec. Manisrenggo","Ds. Bendan",
"Jawa Tengah",Klaten,"Kec. Manisrenggo","Ds. Borangan",
"Jawa Tengah",Klaten,"Kec. Manisrenggo","Ds. Kebonalas",
"Jawa Tengah",Klaten,"Kec. Manisrenggo","Ds. Kecemen",
"Jawa Tengah",Klaten,"Kec. Manisrenggo","Ds. Kepurun",
"Jawa Tengah",Klaten,"Kec. Manisrenggo","Ds. Kranggan",
"Jawa Tengah",Klaten,"Kec. Manisrenggo","Ds. Leses",
"Jawa Tengah",Klaten,"Kec. Manisrenggo","Ds. Nangsri",
"Jawa Tengah",Klaten,"Kec. Manisrenggo","Ds. Ngemplak Seneng",
"Jawa Tengah",Klaten,"Kec. Manisrenggo","Ds. Sapen",
"Jawa Tengah",Klaten,"Kec. Manisrenggo","Ds. Solodiran",
"Jawa Tengah",Klaten,"Kec. Manisrenggo","Ds. Sukorini",
"Jawa Tengah",Klaten,"Kec. Manisrenggo","Ds. Tanjungsari",
"Jawa Tengah",Klaten,"Kec. Manisrenggo","Ds. Taskombang",
"Jawa Tengah",Klaten,"Kec. Manisrenggo","Ds. Tijayan",
"Jawa Tengah",Klaten,"Kec. Ngawen","Ds. Candirejo",
"Jawa Tengah",Klaten,"Kec. Ngawen","Ds. Drono",
"Jawa Tengah",Klaten,"Kec. Ngawen","Ds. Duwet",
"Jawa Tengah",Klaten,"Kec. Ngawen","Ds. Gatak",
"Jawa Tengah",Klaten,"Kec. Ngawen","Ds. Kahuman",
"Jawa Tengah",Klaten,"Kec. Ngawen","Ds. Kwaren",
"Jawa Tengah",Klaten,"Kec. Ngawen","Ds. Manjung",
"Jawa Tengah",Klaten,"Kec. Ngawen","Ds. Manjungan",
"Jawa Tengah",Klaten,"Kec. Ngawen","Ds. Mayungan",
"Jawa Tengah",Klaten,"Kec. Ngawen","Ds. Ngawen",
"Jawa Tengah",Klaten,"Kec. Ngawen","Ds. Pepe",
"Jawa Tengah",Klaten,"Kec. Ngawen","Ds. Senden",
"Jawa Tengah",Klaten,"Kec. Ngawen","Ds. Tempursari",
"Jawa Tengah",Klaten,"Kec. Pedan","Ds. Beji",
"Jawa Tengah",Klaten,"Kec. Pedan","Ds. Bendo",
"Jawa Tengah",Klaten,"Kec. Pedan","Ds. Jatimulyo",
"Jawa Tengah",Klaten,"Kec. Pedan","Ds. Jetis Wetan",
"Jawa Tengah",Klaten,"Kec. Pedan","Ds. Kalangan",
"Jawa Tengah",Klaten,"Kec. Pedan","Ds. Kaligawe",
"Jawa Tengah",Klaten,"Kec. Pedan","Ds. Keden",
"Jawa Tengah",Klaten,"Kec. Pedan","Ds. Kedungan",
"Jawa Tengah",Klaten,"Kec. Pedan","Ds. Lemahireng",
"Jawa Tengah",Klaten,"Kec. Pedan","Ds. Ngaren",
"Jawa Tengah",Klaten,"Kec. Pedan","Ds. Sobayan",
"Jawa Tengah",Klaten,"Kec. Pedan","Ds. Tambak Boyo",
"Jawa Tengah",Klaten,"Kec. Pedan","Ds. Temuwangi",
"Jawa Tengah",Klaten,"Kec. Pedan","Ds. Troketon",
"Jawa Tengah",Klaten,"Kec. Polanharjo","Ds. Borongan",
"Jawa Tengah",Klaten,"Kec. Polanharjo","Ds. Glagahwangi",
"Jawa Tengah",Klaten,"Kec. Polanharjo","Ds. Janti",
"Jawa Tengah",Klaten,"Kec. Polanharjo","Ds. Jimus",
"Jawa Tengah",Klaten,"Kec. Polanharjo","Ds. Kahuman",
"Jawa Tengah",Klaten,"Kec. Polanharjo","Ds. Kapungan",
"Jawa Tengah",Klaten,"Kec. Polanharjo","Ds. Karanglo",
"Jawa Tengah",Klaten,"Kec. Polanharjo","Ds. Kebonharjo",
"Jawa Tengah",Klaten,"Kec. Polanharjo","Ds. Keprabon",
"Jawa Tengah",Klaten,"Kec. Polanharjo","Ds. Kranggan",
"Jawa Tengah",Klaten,"Kec. Polanharjo","Ds. Ngajat",
"Jawa Tengah",Klaten,"Kec. Polanharjo","Ds. Ngaran",
"Jawa Tengah",Klaten,"Kec. Polanharjo","Ds. Polan",
"Jawa Tengah",Klaten,"Kec. Polanharjo","Ds. Ponggok",
"Jawa Tengah",Klaten,"Kec. Polanharjo","Ds. Sidoharjo",
"Jawa Tengah",Klaten,"Kec. Polanharjo","Ds. Sidowayah",
"Jawa Tengah",Klaten,"Kec. Polanharjo","Ds. Turus",
"Jawa Tengah",Klaten,"Kec. Polanharjo","Ds. Wangen",
"Jawa Tengah",Klaten,"Kec. Prambanan","Ds. Brajan",
"Jawa Tengah",Klaten,"Kec. Prambanan","Ds. Bugisan",
"Jawa Tengah",Klaten,"Kec. Prambanan","Ds. Cucukan",
"Jawa Tengah",Klaten,"Kec. Prambanan","Ds. Geneng",
"Jawa Tengah",Klaten,"Kec. Prambanan","Ds. Joho",
"Jawa Tengah",Klaten,"Kec. Prambanan","Ds. Kebondalem Kidul",
"Jawa Tengah",Klaten,"Kec. Prambanan","Ds. Kebondalem Lor",
"Jawa Tengah",Klaten,"Kec. Prambanan","Ds. Kemudo",
"Jawa Tengah",Klaten,"Kec. Prambanan","Ds. Kokosan",
"Jawa Tengah",Klaten,"Kec. Prambanan","Ds. Kotesan",
"Jawa Tengah",Klaten,"Kec. Prambanan","Ds. Pereng",
"Jawa Tengah",Klaten,"Kec. Prambanan","Ds. Randusari",
"Jawa Tengah",Klaten,"Kec. Prambanan","Ds. Sanggrahan",
"Jawa Tengah",Klaten,"Kec. Prambanan","Ds. Sengon",
"Jawa Tengah",Klaten,"Kec. Prambanan","Ds. Taji",
"Jawa Tengah",Klaten,"Kec. Prambanan","Ds. Tlogo",
"Jawa Tengah",Klaten,"Kec. Trucuk","Ds. Bero",
"Jawa Tengah",Klaten,"Kec. Trucuk","Ds. Gaden",
"Jawa Tengah",Klaten,"Kec. Trucuk","Ds. Jatipuro",
"Jawa Tengah",Klaten,"Kec. Trucuk","Ds. Kalikebo",
"Jawa Tengah",Klaten,"Kec. Trucuk","Ds. Karang Pakel",
"Jawa Tengah",Klaten,"Kec. Trucuk","Ds. Kradenan",
"Jawa Tengah",Klaten,"Kec. Trucuk","Ds. Mandong",
"Jawa Tengah",Klaten,"Kec. Trucuk","Ds. Mireng",
"Jawa Tengah",Klaten,"Kec. Trucuk","Ds. Palar",
"Jawa Tengah",Klaten,"Kec. Trucuk","Ds. Planggu",
"Jawa Tengah",Klaten,"Kec. Trucuk","Ds. Puluhan",
"Jawa Tengah",Klaten,"Kec. Trucuk","Ds. Pundungsari",
"Jawa Tengah",Klaten,"Kec. Trucuk","Ds. Sabranglor",
"Jawa Tengah",Klaten,"Kec. Trucuk","Ds. Sajen",
"Jawa Tengah",Klaten,"Kec. Trucuk","Ds. Sumber",
"Jawa Tengah",Klaten,"Kec. Trucuk","Ds. Trucuk",
"Jawa Tengah",Klaten,"Kec. Trucuk","Ds. Wanglu",
"Jawa Tengah",Klaten,"Kec. Trucuk","Ds. Wonosari",
"Jawa Tengah",Klaten,"Kec. Tulung","Ds. Beji",
"Jawa Tengah",Klaten,"Kec. Tulung","Ds. Bono",
"Jawa Tengah",Klaten,"Kec. Tulung","Ds. Cokro",
"Jawa Tengah",Klaten,"Kec. Tulung","Ds. Dalangan",
"Jawa Tengah",Klaten,"Kec. Tulung","Ds. Daleman",
"Jawa Tengah",Klaten,"Kec. Tulung","Ds. Gedongjetis",
"Jawa Tengah",Klaten,"Kec. Tulung","Ds. Kemiri",
"Jawa Tengah",Klaten,"Kec. Tulung","Ds. Kiringan",
"Jawa Tengah",Klaten,"Kec. Tulung","Ds. Majegan",
"Jawa Tengah",Klaten,"Kec. Tulung","Ds. Malagan",
"Jawa Tengah",Klaten,"Kec. Tulung","Ds. Mundu",
"Jawa Tengah",Klaten,"Kec. Tulung","Ds. Pomah",
"Jawa Tengah",Klaten,"Kec. Tulung","Ds. Pucang Miliran",
"Jawa Tengah",Klaten,"Kec. Tulung","Ds. Sedayu",
"Jawa Tengah",Klaten,"Kec. Tulung","Ds. Sorogaten",
"Jawa Tengah",Klaten,"Kec. Tulung","Ds. Sudimoro",
"Jawa Tengah",Klaten,"Kec. Tulung","Ds. Tulung",
"Jawa Tengah",Klaten,"Kec. Tulung","Ds. Wunut",
"Jawa Tengah",Klaten,"Kec. Wedi","Ds. Birit",
"Jawa Tengah",Klaten,"Kec. Wedi","Ds. Brangkal",
"Jawa Tengah",Klaten,"Kec. Wedi","Ds. Canan",
"Jawa Tengah",Klaten,"Kec. Wedi","Ds. Dengkeng",
"Jawa Tengah",Klaten,"Kec. Wedi","Ds. Gadungan",
"Jawa Tengah",Klaten,"Kec. Wedi","Ds. Jiwo Wetan",
"Jawa Tengah",Klaten,"Kec. Wedi","Ds. Kadibolo",
"Jawa Tengah",Klaten,"Kec. Wedi","Ds. Kadilanggon",
"Jawa Tengah",Klaten,"Kec. Wedi","Ds. Kaligayam",
"Jawa Tengah",Klaten,"Kec. Wedi","Ds. Kalitengah",
"Jawa Tengah",Klaten,"Kec. Wedi","Ds. Melikan",
"Jawa Tengah",Klaten,"Kec. Wedi","Ds. Pacing",
"Jawa Tengah",Klaten,"Kec. Wedi","Ds. Pandes",
"Jawa Tengah",Klaten,"Kec. Wedi","Ds. Pasung",
"Jawa Tengah",Klaten,"Kec. Wedi","Ds. Pesu",
"Jawa Tengah",Klaten,"Kec. Wedi","Ds. Sembung",
"Jawa Tengah",Klaten,"Kec. Wedi","Ds. Sukorejo",
"Jawa Tengah",Klaten,"Kec. Wedi","Ds. Tanjungan",
"Jawa Tengah",Klaten,"Kec. Wedi","Ds. Trotok",
"Jawa Tengah",Klaten,"Kec. Wonosari","Ds. Bener",
"Jawa Tengah",Klaten,"Kec. Wonosari","Ds. Bentangan",
"Jawa Tengah",Klaten,"Kec. Wonosari","Ds. Bolali",
"Jawa Tengah",Klaten,"Kec. Wonosari","Ds. Boto",
"Jawa Tengah",Klaten,"Kec. Wonosari","Ds. Bulan",
"Jawa Tengah",Klaten,"Kec. Wonosari","Ds. Duwet",
"Jawa Tengah",Klaten,"Kec. Wonosari","Ds. Gunting",
"Jawa Tengah",Klaten,"Kec. Wonosari","Ds. Jelobo",
"Jawa Tengah",Klaten,"Kec. Wonosari","Ds. Kingkang",
"Jawa Tengah",Klaten,"Kec. Wonosari","Ds. Lumbungkerep",
"Jawa Tengah",Klaten,"Kec. Wonosari","Ds. Ngreden",
"Jawa Tengah",Klaten,"Kec. Wonosari","Ds. Pandanan",
"Jawa Tengah",Klaten,"Kec. Wonosari","Ds. Sekaran",
"Jawa Tengah",Klaten,"Kec. Wonosari","Ds. Sidowarno",
"Jawa Tengah",Klaten,"Kec. Wonosari","Ds. Sukorejo",
"Jawa Tengah",Klaten,"Kec. Wonosari","Ds. Tegalgondo",
"Jawa Tengah",Klaten,"Kec. Wonosari","Ds. Teloyo",
"Jawa Tengah",Klaten,"Kec. Wonosari","Ds. Wadunggetas",
"Jawa Tengah",Klaten,Kec.Kebonarum,"Ds. Basin",
"Jawa Tengah",Klaten,Kec.Kebonarum,"Ds. Gondang",
"Jawa Tengah",Klaten,Kec.Kebonarum,"Ds. Karangduren",
"Jawa Tengah",Klaten,Kec.Kebonarum,"Ds. Malangjiwan",
"Jawa Tengah",Klaten,Kec.Kebonarum,"Ds. Menden",
"Jawa Tengah",Klaten,Kec.Kebonarum,"Ds. Ngrundul",
"Jawa Tengah",Klaten,Kec.Kebonarum,"Ds. Pluneng",
"Jawa Tengah",Klaten,"Kec.Klaten Selatan","Ds. Danguran",
"Jawa Tengah",Klaten,"Kec.Klaten Selatan","Ds. Glodogan",
"Jawa Tengah",Klaten,"Kec.Klaten Selatan","Ds. Jetis",
"Jawa Tengah",Klaten,"Kec.Klaten Selatan","Ds. Kajoran",
"Jawa Tengah",Klaten,"Kec.Klaten Selatan","Ds. Karanglo",
"Jawa Tengah",Klaten,"Kec.Klaten Selatan","Ds. Merbung",
"Jawa Tengah",Klaten,"Kec.Klaten Selatan","Ds. Ngalas",
"Jawa Tengah",Klaten,"Kec.Klaten Selatan","Ds. Nglinggi",
"Jawa Tengah",Klaten,"Kec.Klaten Selatan","Ds. Sumberejo",
"Jawa Tengah",Klaten,"Kec.Klaten Selatan","Ds. Tegalyoso",
"Jawa Tengah",Klaten,"Kec.Klaten Selatan","Ds. Trunuh",
"Jawa Tengah",Klaten,"Kec.Klaten Selatan","Kel. Gayamprit",
"Jawa Tengah",Sragen,"Kec. Gemolong","Ds. Brangkal",
"Jawa Tengah",Sragen,"Kec. Gemolong","Ds. Geneng Duwur",
"Jawa Tengah",Sragen,"Kec. Gemolong","Ds. Jatibatur",
"Jawa Tengah",Sragen,"Kec. Gemolong","Ds. Jenalas",
"Jawa Tengah",Sragen,"Kec. Gemolong","Ds. Kalangan",
"Jawa Tengah",Sragen,"Kec. Gemolong","Ds. Kaloran",
"Jawa Tengah",Sragen,"Kec. Gemolong","Ds. Nganti",
"Jawa Tengah",Sragen,"Kec. Gemolong","Ds. Peleman",
"Jawa Tengah",Sragen,"Kec. Gemolong","Ds. Purworejo",
"Jawa Tengah",Sragen,"Kec. Gemolong","Ds. Tegaldowo",
"Jawa Tengah",Sragen,"Kec. Gemolong","Kel. Gemolong",
"Jawa Tengah",Sragen,"Kec. Gemolong","Kel. Kragilan",
"Jawa Tengah",Sragen,"Kec. Gemolong","Kel. Kwangen",
"Jawa Tengah",Sragen,"Kec. Gemolong","Kel. Ngembat Padas",
"Jawa Tengah",Sragen,"Kec. Gesi","Ds. Blangu",
"Jawa Tengah",Sragen,"Kec. Gesi","Ds. Gesi",
"Jawa Tengah",Sragen,"Kec. Gesi","Ds. Pilangsari",
"Jawa Tengah",Sragen,"Kec. Gesi","Ds. Poleng",
"Jawa Tengah",Sragen,"Kec. Gesi","Ds. Slendro",
"Jawa Tengah",Sragen,"Kec. Gesi","Ds. Srawung",
"Jawa Tengah",Sragen,"Kec. Gesi","Ds. Tanggan",
"Jawa Tengah",Sragen,"Kec. Gondang","Ds. Bumiaji",
"Jawa Tengah",Sragen,"Kec. Gondang","Ds. Glonggong",
"Jawa Tengah",Sragen,"Kec. Gondang","Ds. Gondang",
"Jawa Tengah",Sragen,"Kec. Gondang","Ds. Kaliwedi",
"Jawa Tengah",Sragen,"Kec. Gondang","Ds. Plosorejo",
"Jawa Tengah",Sragen,"Kec. Gondang","Ds. Srimulyo",
"Jawa Tengah",Sragen,"Kec. Gondang","Ds. Tegalrejo",
"Jawa Tengah",Sragen,"Kec. Gondang","Ds. Tunggul",
"Jawa Tengah",Sragen,"Kec. Gondang","Ds. Wonotolo",
"Jawa Tengah",Sragen,"Kec. Jenar","Ds. Banyuurip",
"Jawa Tengah",Sragen,"Kec. Jenar","Ds. Dawung",
"Jawa Tengah",Sragen,"Kec. Jenar","Ds. Japoh",
"Jawa Tengah",Sragen,"Kec. Jenar","Ds. Jenar",
"Jawa Tengah",Sragen,"Kec. Jenar","Ds. Kandang Sapi",
"Jawa Tengah",Sragen,"Kec. Jenar","Ds. Mlale",
"Jawa Tengah",Sragen,"Kec. Jenar","Ds. Ngepringan",
"Jawa Tengah",Sragen,"Kec. Kaliambe","Ds. Banaran",
"Jawa Tengah",Sragen,"Kec. Kaliambe","Ds. Bukuran",
"Jawa Tengah",Sragen,"Kec. Kaliambe","Ds. Donoyudan",
"Jawa Tengah",Sragen,"Kec. Kaliambe","Ds. Jetis Karangpung",
"Jawa Tengah",Sragen,"Kec. Kaliambe","Ds. Kalimacan",
"Jawa Tengah",Sragen,"Kec. Kaliambe","Ds. Karangjati",
"Jawa Tengah",Sragen,"Kec. Kaliambe","Ds. Keden",
"Jawa Tengah",Sragen,"Kec. Kaliambe","Ds. Krikilan",
"Jawa Tengah",Sragen,"Kec. Kaliambe","Ds. Ngebung",
"Jawa Tengah",Sragen,"Kec. Kaliambe","Ds. Samberembe",
"Jawa Tengah",Sragen,"Kec. Kaliambe","Ds. Saren",
"Jawa Tengah",Sragen,"Kec. Kaliambe","Ds. Tegalombo",
"Jawa Tengah",Sragen,"Kec. Kaliambe","Ds. Trobayan",
"Jawa Tengah",Sragen,"Kec. Kaliambe","Ds. Wonorejo",
"Jawa Tengah",Sragen,"Kec. Karangmalang","Ds. Guworejo",
"Jawa Tengah",Sragen,"Kec. Karangmalang","Ds. Jurangjero",
"Jawa Tengah",Sragen,"Kec. Karangmalang","Ds. Kedung Waduk",
"Jawa Tengah",Sragen,"Kec. Karangmalang","Ds. Mojorejo",
"Jawa Tengah",Sragen,"Kec. Karangmalang","Ds. Pelem Gadung",
"Jawa Tengah",Sragen,"Kec. Karangmalang","Ds. Plosokerep",
"Jawa Tengah",Sragen,"Kec. Karangmalang","Ds. Puro",
"Jawa Tengah",Sragen,"Kec. Karangmalang","Ds. Saradan",
"Jawa Tengah",Sragen,"Kec. Karangmalang","Kel. Kroyo",
"Jawa Tengah",Sragen,"Kec. Karangmalang","Kel. Plumbungan",
"Jawa Tengah",Sragen,"Kec. Kedawung","Ds. Bendungan",
"Jawa Tengah",Sragen,"Kec. Kedawung","Ds. Celep",
"Jawa Tengah",Sragen,"Kec. Kedawung","Ds. Jenggrik",
"Jawa Tengah",Sragen,"Kec. Kedawung","Ds. Karang Pelem",
"Jawa Tengah",Sragen,"Kec. Kedawung","Ds. Kedawung",
"Jawa Tengah",Sragen,"Kec. Kedawung","Ds. Mojodoyong",
"Jawa Tengah",Sragen,"Kec. Kedawung","Ds. Mojokerto",
"Jawa Tengah",Sragen,"Kec. Kedawung","Ds. Pengkok",
"Jawa Tengah",Sragen,"Kec. Kedawung","Ds. Wonokerso",
"Jawa Tengah",Sragen,"Kec. Kedawung","Ds. Wonorejo",
"Jawa Tengah",Sragen,"Kec. Masaran","Ds. Dawungan",
"Jawa Tengah",Sragen,"Kec. Masaran","Ds. Gebang",
"Jawa Tengah",Sragen,"Kec. Masaran","Ds. Jati",
"Jawa Tengah",Sragen,"Kec. Masaran","Ds. Jirapan",
"Jawa Tengah",Sragen,"Kec. Masaran","Ds. Karang Malang",
"Jawa Tengah",Sragen,"Kec. Masaran","Ds. Kliwonan",
"Jawa Tengah",Sragen,"Kec. Masaran","Ds. Krebet",
"Jawa Tengah",Sragen,"Kec. Masaran","Ds. Krikilan",
"Jawa Tengah",Sragen,"Kec. Masaran","Ds. Masaran",
"Jawa Tengah",Sragen,"Kec. Masaran","Ds. Pilang",
"Jawa Tengah",Sragen,"Kec. Masaran","Ds. Pringanom",
"Jawa Tengah",Sragen,"Kec. Masaran","Ds. Sepat",
"Jawa Tengah",Sragen,"Kec. Masaran","Ds. Sidodadi",
"Jawa Tengah",Sragen,"Kec. Miri","Ds. Bagor",
"Jawa Tengah",Sragen,"Kec. Miri","Ds. Brojol",
"Jawa Tengah",Sragen,"Kec. Miri","Ds. Doyong",
"Jawa Tengah",Sragen,"Kec. Miri","Ds. Geneng",
"Jawa Tengah",Sragen,"Kec. Miri","Ds. Gilirejo",
"Jawa Tengah",Sragen,"Kec. Miri","Ds. Gilirejo Baru",
"Jawa Tengah",Sragen,"Kec. Miri","Ds. Girimargo",
"Jawa Tengah",Sragen,"Kec. Miri","Ds. Jeruk",
"Jawa Tengah",Sragen,"Kec. Miri","Ds. Soko",
"Jawa Tengah",Sragen,"Kec. Miri","Ds. Sunggingan",
"Jawa Tengah",Sragen,"Kec. Mondokan","Ds. Gemantar",
"Jawa Tengah",Sragen,"Kec. Mondokan","Ds. Jambangan",
"Jawa Tengah",Sragen,"Kec. Mondokan","Ds. Jekani",
"Jawa Tengah",Sragen,"Kec. Mondokan","Ds. Kedawung",
"Jawa Tengah",Sragen,"Kec. Mondokan","Ds. Pare",
"Jawa Tengah",Sragen,"Kec. Mondokan","Ds. Sono",
"Jawa Tengah",Sragen,"Kec. Mondokan","Ds. Sumberejo",
"Jawa Tengah",Sragen,"Kec. Mondokan","Ds. Tempelrejo",
"Jawa Tengah",Sragen,"Kec. Mondokan","Ds. Trombol",
"Jawa Tengah",Sragen,"Kec. Ngampal","Ds. Bandung",
"Jawa Tengah",Sragen,"Kec. Ngampal","Ds. Bener",
"Jawa Tengah",Sragen,"Kec. Ngampal","Ds. Gabus",
"Jawa Tengah",Sragen,"Kec. Ngampal","Ds. Karangudi",
"Jawa Tengah",Sragen,"Kec. Ngampal","Ds. Kebonromo",
"Jawa Tengah",Sragen,"Kec. Ngampal","Ds. Klandungan",
"Jawa Tengah",Sragen,"Kec. Ngampal","Ds. Ngarum",
"Jawa Tengah",Sragen,"Kec. Ngampal","Ds. Pilangsari",
"Jawa Tengah",Sragen,"Kec. Plupuh","Ds. Cangkol",
"Jawa Tengah",Sragen,"Kec. Plupuh","Ds. Dari",
"Jawa Tengah",Sragen,"Kec. Plupuh","Ds. Gedongan",
"Jawa Tengah",Sragen,"Kec. Plupuh","Ds. Gentan Banaran",
"Jawa Tengah",Sragen,"Kec. Plupuh","Ds. Jabung",
"Jawa Tengah",Sragen,"Kec. Plupuh","Ds. Jembangan",
"Jawa Tengah",Sragen,"Kec. Plupuh","Ds. Karang Anyar",
"Jawa Tengah",Sragen,"Kec. Plupuh","Ds. Karangwaru",
"Jawa Tengah",Sragen,"Kec. Plupuh","Ds. Karungan",
"Jawa Tengah",Sragen,"Kec. Plupuh","Ds. Manyarejo",
"Jawa Tengah",Sragen,"Kec. Plupuh","Ds. Ngrombo",
"Jawa Tengah",Sragen,"Kec. Plupuh","Ds. Plupuh",
"Jawa Tengah",Sragen,"Kec. Plupuh","Ds. Pungsari",
"Jawa Tengah",Sragen,"Kec. Plupuh","Ds. Sambirejo",
"Jawa Tengah",Sragen,"Kec. Plupuh","Ds. Sidokerto",
"Jawa Tengah",Sragen,"Kec. Plupuh","Ds. Somomoro Dukuh",
"Jawa Tengah",Sragen,"Kec. Sambirejo","Ds. Blimbing",
"Jawa Tengah",Sragen,"Kec. Sambirejo","Ds. Dawung",
"Jawa Tengah",Sragen,"Kec. Sambirejo","Ds. Jambeyan",
"Jawa Tengah",Sragen,"Kec. Sambirejo","Ds. Jetis",
"Jawa Tengah",Sragen,"Kec. Sambirejo","Ds. Kadipiro",
"Jawa Tengah",Sragen,"Kec. Sambirejo","Ds. Musuk",
"Jawa Tengah",Sragen,"Kec. Sambirejo","Ds. Sambi",
"Jawa Tengah",Sragen,"Kec. Sambirejo","Ds. Sambirejo",
"Jawa Tengah",Sragen,"Kec. Sambirejo","Ds. Sukorejo",
"Jawa Tengah",Sragen,"Kec. Sambungmacan","Ds. Banaran",
"Jawa Tengah",Sragen,"Kec. Sambungmacan","Ds. Banyuurip",
"Jawa Tengah",Sragen,"Kec. Sambungmacan","Ds. Bedoro",
"Jawa Tengah",Sragen,"Kec. Sambungmacan","Ds. Cemeng",
"Jawa Tengah",Sragen,"Kec. Sambungmacan","Ds. Gringging",
"Jawa Tengah",Sragen,"Kec. Sambungmacan","Ds. Karanganyar",
"Jawa Tengah",Sragen,"Kec. Sambungmacan","Ds. Plumbon",
"Jawa Tengah",Sragen,"Kec. Sambungmacan","Ds. Sambungmacan",
"Jawa Tengah",Sragen,"Kec. Sambungmacan","Ds. Toyogo",
"Jawa Tengah",Sragen,"Kec. Sidoharjo","Ds. Bentak",
"Jawa Tengah",Sragen,"Kec. Sidoharjo","Ds. Duyungan",
"Jawa Tengah",Sragen,"Kec. Sidoharjo","Ds. Jambanan",
"Jawa Tengah",Sragen,"Kec. Sidoharjo","Ds. Jetak",
"Jawa Tengah",Sragen,"Kec. Sidoharjo","Ds. Pandak",
"Jawa Tengah",Sragen,"Kec. Sidoharjo","Ds. Patihan",
"Jawa Tengah",Sragen,"Kec. Sidoharjo","Ds. Purwosuman",
"Jawa Tengah",Sragen,"Kec. Sidoharjo","Ds. Sidoharjo",
"Jawa Tengah",Sragen,"Kec. Sidoharjo","Ds. Singopadu",
"Jawa Tengah",Sragen,"Kec. Sidoharjo","Ds. Sribit",
"Jawa Tengah",Sragen,"Kec. Sidoharjo","Ds. Taraman",
"Jawa Tengah",Sragen,"Kec. Sidoharjo","Ds. Tenggak",
"Jawa Tengah",Sragen,"Kec. Sragen","Ds. Kedungupit",
"Jawa Tengah",Sragen,"Kec. Sragen","Ds. Tangkil",
"Jawa Tengah",Sragen,"Kec. Sragen","Kel. Karang Tengah",
"Jawa Tengah",Sragen,"Kec. Sragen","Kel. Nglorog",
"Jawa Tengah",Sragen,"Kec. Sragen","Kel. Sragen Kulon",
"Jawa Tengah",Sragen,"Kec. Sragen","Kel. Sragen Tengah",
"Jawa Tengah",Sragen,"Kec. Sragen","Kel. Sragen Wetan",
"Jawa Tengah",Sragen,"Kec. Sragen",Kel.Sine,
"Jawa Tengah",Sragen,"Kec. Sukodono","Ds. Baleharjo",
"Jawa Tengah",Sragen,"Kec. Sukodono","Ds. Bendo",
"Jawa Tengah",Sragen,"Kec. Sukodono","Ds. Gebang",
"Jawa Tengah",Sragen,"Kec. Sukodono","Ds. Jati Tengah",
"Jawa Tengah",Sragen,"Kec. Sukodono","Ds. Juwok",
"Jawa Tengah",Sragen,"Kec. Sukodono","Ds. Karang Anom",
"Jawa Tengah",Sragen,"Kec. Sukodono","Ds. Majenang",
"Jawa Tengah",Sragen,"Kec. Sukodono","Ds. Newung",
"Jawa Tengah",Sragen,"Kec. Sukodono","Ds. Pantirejo",
"Jawa Tengah",Sragen,"Kec. Sumberlawang","Ds. Cepoko",
"Jawa Tengah",Sragen,"Kec. Sumberlawang","Ds. Hadiluwih",
"Jawa Tengah",Sragen,"Kec. Sumberlawang","Ds. Jati",
"Jawa Tengah",Sragen,"Kec. Sumberlawang","Ds. Kacangan",
"Jawa Tengah",Sragen,"Kec. Sumberlawang","Ds. Mojopuro",
"Jawa Tengah",Sragen,"Kec. Sumberlawang","Ds. Ngandul",
"Jawa Tengah",Sragen,"Kec. Sumberlawang","Ds. Ngargosari",
"Jawa Tengah",Sragen,"Kec. Sumberlawang","Ds. Ngargotirto",
"Jawa Tengah",Sragen,"Kec. Sumberlawang","Ds. Pagak",
"Jawa Tengah",Sragen,"Kec. Sumberlawang","Ds. Pendem",
"Jawa Tengah",Sragen,"Kec. Sumberlawang","Ds. Tlogo Tirto",
"Jawa Tengah",Sragen,"Kec. Tangen","Ds. Denanyar",
"Jawa Tengah",Sragen,"Kec. Tangen","Ds. Dukuh",
"Jawa Tengah",Sragen,"Kec. Tangen","Ds. Galeh",
"Jawa Tengah",Sragen,"Kec. Tangen","Ds. Jekawal",
"Jawa Tengah",Sragen,"Kec. Tangen","Ds. Katelan",
"Jawa Tengah",Sragen,"Kec. Tangen","Ds. Ngrombo",
"Jawa Tengah",Sragen,"Kec. Tangen","Ds. Sigit",
"Jawa Tengah",Sragen,"Kec. Tanon","Ds. Bonagung",
"Jawa Tengah",Sragen,"Kec. Tanon","Ds. Gabugan",
"Jawa Tengah",Sragen,"Kec. Tanon","Ds. Gading",
"Jawa Tengah",Sragen,"Kec. Tanon","Ds. Gawan",
"Jawa Tengah",Sragen,"Kec. Tanon","Ds. Jono",
"Jawa Tengah",Sragen,"Kec. Tanon","Ds. Kalikobok",
"Jawa Tengah",Sragen,"Kec. Tanon","Ds. Karang Talun",
"Jawa Tengah",Sragen,"Kec. Tanon","Ds. Karangasem",
"Jawa Tengah",Sragen,"Kec. Tanon","Ds. Kecik",
"Jawa Tengah",Sragen,"Kec. Tanon","Ds. Ketro",
"Jawa Tengah",Sragen,"Kec. Tanon","Ds. Padas",
"Jawa Tengah",Sragen,"Kec. Tanon","Ds. Pengkol",
"Jawa Tengah",Sragen,"Kec. Tanon","Ds. Sambi Duwur",
"Jawa Tengah",Sragen,"Kec. Tanon","Ds. Slogo",
"Jawa Tengah",Sragen,"Kec. Tanon","Ds. Suwatu",
"Jawa Tengah",Sragen,"Kec. Tanon","Ds. Tanon",
"Jawa Tengah",Sukoharjo,"Kec. Baki","Ds. Bakipandeyan",
"Jawa Tengah",Sukoharjo,"Kec. Baki","Ds. Bentakan",
"Jawa Tengah",Sukoharjo,"Kec. Baki","Ds. Duwet",
"Jawa Tengah",Sukoharjo,"Kec. Baki","Ds. Gedongan",
"Jawa Tengah",Sukoharjo,"Kec. Baki","Ds. Gentan",
"Jawa Tengah",Sukoharjo,"Kec. Baki","Ds. Jetis",
"Jawa Tengah",Sukoharjo,"Kec. Baki","Ds. Kadilangu",
"Jawa Tengah",Sukoharjo,"Kec. Baki","Ds. Kudu",
"Jawa Tengah",Sukoharjo,"Kec. Baki","Ds. Mancasan",
"Jawa Tengah",Sukoharjo,"Kec. Baki","Ds. Menuran",
"Jawa Tengah",Sukoharjo,"Kec. Baki","Ds. Ngrombo",
"Jawa Tengah",Sukoharjo,"Kec. Baki","Ds. Purbayan",
"Jawa Tengah",Sukoharjo,"Kec. Baki","Ds. Siwal",
"Jawa Tengah",Sukoharjo,"Kec. Baki","Ds. Waru",
"Jawa Tengah",Sukoharjo,"Kec. Bendosari","Ds. Bendosari",
"Jawa Tengah",Sukoharjo,"Kec. Bendosari","Ds. Cabeyan",
"Jawa Tengah",Sukoharjo,"Kec. Bendosari","Ds. Gentan",
"Jawa Tengah",Sukoharjo,"Kec. Bendosari","Ds. Jagan",
"Jawa Tengah",Sukoharjo,"Kec. Bendosari","Ds. Manisharjo",
"Jawa Tengah",Sukoharjo,"Kec. Bendosari","Ds. Mertan",
"Jawa Tengah",Sukoharjo,"Kec. Bendosari","Ds. Mojorejo",
"Jawa Tengah",Sukoharjo,"Kec. Bendosari","Ds. Mulur",
"Jawa Tengah",Sukoharjo,"Kec. Bendosari","Ds. Paluhombo",
"Jawa Tengah",Sukoharjo,"Kec. Bendosari","Ds. Puhgogor",
"Jawa Tengah",Sukoharjo,"Kec. Bendosari","Ds. Sidorejo",
"Jawa Tengah",Sukoharjo,"Kec. Bendosari","Ds. Sugihan",
"Jawa Tengah",Sukoharjo,"Kec. Bendosari","Ds. Toriyo",
"Jawa Tengah",Sukoharjo,"Kec. Bendosari","Kel. Jombor",
"Jawa Tengah",Sukoharjo,"Kec. Bulu","Ds. Bulu",
"Jawa Tengah",Sukoharjo,"Kec. Bulu","Ds. Gentan",
"Jawa Tengah",Sukoharjo,"Kec. Bulu","Ds. Kamal",
"Jawa Tengah",Sukoharjo,"Kec. Bulu","Ds. Karangasem",
"Jawa Tengah",Sukoharjo,"Kec. Bulu","Ds. Kedungsono",
"Jawa Tengah",Sukoharjo,"Kec. Bulu","Ds. Kunden",
"Jawa Tengah",Sukoharjo,"Kec. Bulu","Ds. Lengking",
"Jawa Tengah",Sukoharjo,"Kec. Bulu","Ds. Malangan",
"Jawa Tengah",Sukoharjo,"Kec. Bulu","Ds. Ngasinan",
"Jawa Tengah",Sukoharjo,"Kec. Bulu","Ds. Puron",
"Jawa Tengah",Sukoharjo,"Kec. Bulu","Ds. Sanggang",
"Jawa Tengah",Sukoharjo,"Kec. Bulu","Ds. Tiyaran",
"Jawa Tengah",Sukoharjo,"Kec. Gatak","Ds. Blimbing",
"Jawa Tengah",Sukoharjo,"Kec. Gatak","Ds. Geneng",
"Jawa Tengah",Sukoharjo,"Kec. Gatak","Ds. Jati",
"Jawa Tengah",Sukoharjo,"Kec. Gatak","Ds. Kagokan",
"Jawa Tengah",Sukoharjo,"Kec. Gatak","Ds. Klaseman",
"Jawa Tengah",Sukoharjo,"Kec. Gatak","Ds. Krajan",
"Jawa Tengah",Sukoharjo,"Kec. Gatak","Ds. Luwang",
"Jawa Tengah",Sukoharjo,"Kec. Gatak","Ds. Mayang",
"Jawa Tengah",Sukoharjo,"Kec. Gatak","Ds. Sanggung",
"Jawa Tengah",Sukoharjo,"Kec. Gatak","Ds. Sraten",
"Jawa Tengah",Sukoharjo,"Kec. Gatak","Ds. Tempel",
"Jawa Tengah",Sukoharjo,"Kec. Gatak","Ds. Trangsan",
"Jawa Tengah",Sukoharjo,"Kec. Gatak","Ds. Trosemi",
"Jawa Tengah",Sukoharjo,"Kec. Gatak","Ds. Wironanggan",
"Jawa Tengah",Sukoharjo,"Kec. Grogol","Ds. Banaran",
"Jawa Tengah",Sukoharjo,"Kec. Grogol","Ds. Cemani",
"Jawa Tengah",Sukoharjo,"Kec. Grogol","Ds. Gedangan",
"Jawa Tengah",Sukoharjo,"Kec. Grogol","Ds. Grogol",
"Jawa Tengah",Sukoharjo,"Kec. Grogol","Ds. Kadokan",
"Jawa Tengah",Sukoharjo,"Kec. Grogol","Ds. Kwarasan",
"Jawa Tengah",Sukoharjo,"Kec. Grogol","Ds. Langenharjo",
"Jawa Tengah",Sukoharjo,"Kec. Grogol","Ds. Madegondo",
"Jawa Tengah",Sukoharjo,"Kec. Grogol","Ds. Manang",
"Jawa Tengah",Sukoharjo,"Kec. Grogol","Ds. Pandeyan",
"Jawa Tengah",Sukoharjo,"Kec. Grogol","Ds. Parangjoro",
"Jawa Tengah",Sukoharjo,"Kec. Grogol","Ds. Pondok",
"Jawa Tengah",Sukoharjo,"Kec. Grogol","Ds. Sanggrahan",
"Jawa Tengah",Sukoharjo,"Kec. Grogol","Ds. Telukan",
"Jawa Tengah",Sukoharjo,"Kec. Kartasura","Ds. Gonilan",
"Jawa Tengah",Sukoharjo,"Kec. Kartasura","Ds. Gumpang",
"Jawa Tengah",Sukoharjo,"Kec. Kartasura","Ds. Kertonatan",
"Jawa Tengah",Sukoharjo,"Kec. Kartasura","Ds. Makamhaji",
"Jawa Tengah",Sukoharjo,"Kec. Kartasura","Ds. Ngabeyan",
"Jawa Tengah",Sukoharjo,"Kec. Kartasura","Ds. Ngemplak",
"Jawa Tengah",Sukoharjo,"Kec. Kartasura","Ds. Pabelan",
"Jawa Tengah",Sukoharjo,"Kec. Kartasura","Ds. Pucangan",
"Jawa Tengah",Sukoharjo,"Kec. Kartasura","Ds. Singopuran",
"Jawa Tengah",Sukoharjo,"Kec. Kartasura","Ds. Wirogunan",
"Jawa Tengah",Sukoharjo,"Kec. Kartasura","Kel. Kartasura",
"Jawa Tengah",Sukoharjo,"Kec. Kartasura","Kel. Ngadirejo",
"Jawa Tengah",Sukoharjo,"Kec. Mojolaban","Ds. Bekonang",
"Jawa Tengah",Sukoharjo,"Kec. Mojolaban","Ds. Cangkol",
"Jawa Tengah",Sukoharjo,"Kec. Mojolaban","Ds. Demakan",
"Jawa Tengah",Sukoharjo,"Kec. Mojolaban","Ds. Dukuh",
"Jawa Tengah",Sukoharjo,"Kec. Mojolaban","Ds. Gadingan",
"Jawa Tengah",Sukoharjo,"Kec. Mojolaban","Ds. Joho",
"Jawa Tengah",Sukoharjo,"Kec. Mojolaban","Ds. Klumprit",
"Jawa Tengah",Sukoharjo,"Kec. Mojolaban","Ds. Kragilan",
"Jawa Tengah",Sukoharjo,"Kec. Mojolaban","Ds. Laban",
"Jawa Tengah",Sukoharjo,"Kec. Mojolaban","Ds. Palur",
"Jawa Tengah",Sukoharjo,"Kec. Mojolaban","Ds. Plumbon",
"Jawa Tengah",Sukoharjo,"Kec. Mojolaban","Ds. Sapen",
"Jawa Tengah",Sukoharjo,"Kec. Mojolaban","Ds. Tegalmade",
"Jawa Tengah",Sukoharjo,"Kec. Mojolaban","Ds. Triyagan",
"Jawa Tengah",Sukoharjo,"Kec. Mojolaban","Ds. Wirun",
"Jawa Tengah",Sukoharjo,"Kec. Nguter","Ds. Baran",
"Jawa Tengah",Sukoharjo,"Kec. Nguter","Ds. Celep",
"Jawa Tengah",Sukoharjo,"Kec. Nguter","Ds. Daleman",
"Jawa Tengah",Sukoharjo,"Kec. Nguter","Ds. Gupit",
"Jawa Tengah",Sukoharjo,"Kec. Nguter","Ds. Jangglengan",
"Jawa Tengah",Sukoharjo,"Kec. Nguter","Ds. Juron",
"Jawa Tengah",Sukoharjo,"Kec. Nguter","Ds. Kedungwinong",
"Jawa Tengah",Sukoharjo,"Kec. Nguter","Ds. Kepuh",
"Jawa Tengah",Sukoharjo,"Kec. Nguter","Ds. Lawu",
"Jawa Tengah",Sukoharjo,"Kec. Nguter","Ds. Nguter",
"Jawa Tengah",Sukoharjo,"Kec. Nguter","Ds. Pengkol",
"Jawa Tengah",Sukoharjo,"Kec. Nguter","Ds. Plesan",
"Jawa Tengah",Sukoharjo,"Kec. Nguter","Ds. Pondok",
"Jawa Tengah",Sukoharjo,"Kec. Nguter","Ds. Serut",
"Jawa Tengah",Sukoharjo,"Kec. Nguter","Ds. Tanjung",
"Jawa Tengah",Sukoharjo,"Kec. Nguter","Ds. Tanjungrejo",
"Jawa Tengah",Sukoharjo,"Kec. Polokarto","Ds. Bakalan",
"Jawa Tengah",Sukoharjo,"Kec. Polokarto","Ds. Bugel",
"Jawa Tengah",Sukoharjo,"Kec. Polokarto","Ds. Bulu",
"Jawa Tengah",Sukoharjo,"Kec. Polokarto","Ds. Genengsari",
"Jawa Tengah",Sukoharjo,"Kec. Polokarto","Ds. Godog",
"Jawa Tengah",Sukoharjo,"Kec. Polokarto","Ds. Jatisobo",
"Jawa Tengah",Sukoharjo,"Kec. Polokarto","Ds. Karangwuni",
"Jawa Tengah",Sukoharjo,"Kec. Polokarto","Ds. Kayuapak",
"Jawa Tengah",Sukoharjo,"Kec. Polokarto","Ds. Kemasan",
"Jawa Tengah",Sukoharjo,"Kec. Polokarto","Ds. Kenokorejo",
"Jawa Tengah",Sukoharjo,"Kec. Polokarto","Ds. Mranggen",
"Jawa Tengah",Sukoharjo,"Kec. Polokarto","Ds. Ngombakan",
"Jawa Tengah",Sukoharjo,"Kec. Polokarto","Ds. Polokarto",
"Jawa Tengah",Sukoharjo,"Kec. Polokarto","Ds. Pranan",
"Jawa Tengah",Sukoharjo,"Kec. Polokarto","Ds. Rejosari",
"Jawa Tengah",Sukoharjo,"Kec. Polokarto","Ds. Tepisari",
"Jawa Tengah",Sukoharjo,"Kec. Polokarto","Ds. Wonorejo",
"Jawa Tengah",Sukoharjo,"Kec. Sukoharjo","Kel. Banmati",
"Jawa Tengah",Sukoharjo,"Kec. Sukoharjo","Kel. Begajah",
"Jawa Tengah",Sukoharjo,"Kec. Sukoharjo","Kel. Bulakan",
"Jawa Tengah",Sukoharjo,"Kec. Sukoharjo","Kel. Bulakrejo",
"Jawa Tengah",Sukoharjo,"Kec. Sukoharjo","Kel. Combongan",
"Jawa Tengah",Sukoharjo,"Kec. Sukoharjo","Kel. Dukuh",
"Jawa Tengah",Sukoharjo,"Kec. Sukoharjo","Kel. Gayam",
"Jawa Tengah",Sukoharjo,"Kec. Sukoharjo","Kel. Jetis",
"Jawa Tengah",Sukoharjo,"Kec. Sukoharjo","Kel. Joho",
"Jawa Tengah",Sukoharjo,"Kec. Sukoharjo","Kel. Kenep",
"Jawa Tengah",Sukoharjo,"Kec. Sukoharjo","Kel. Kriwen",
"Jawa Tengah",Sukoharjo,"Kec. Sukoharjo","Kel. Mandan",
"Jawa Tengah",Sukoharjo,"Kec. Sukoharjo","Kel. Sonorejo",
"Jawa Tengah",Sukoharjo,"Kec. Sukoharjo","Kel. Sukoharjo",
"Jawa Tengah",Sukoharjo,"Kec. Tawangsari","Ds. Dalangan",
"Jawa Tengah",Sukoharjo,"Kec. Tawangsari","Ds. Grajegan",
"Jawa Tengah",Sukoharjo,"Kec. Tawangsari","Ds. Kateguhan",
"Jawa Tengah",Sukoharjo,"Kec. Tawangsari","Ds. Kedungjambal",
"Jawa Tengah",Sukoharjo,"Kec. Tawangsari","Ds. Lorog",
"Jawa Tengah",Sukoharjo,"Kec. Tawangsari","Ds. Majasto",
"Jawa Tengah",Sukoharjo,"Kec. Tawangsari","Ds. Pojok",
"Jawa Tengah",Sukoharjo,"Kec. Tawangsari","Ds. Ponowaren",
"Jawa Tengah",Sukoharjo,"Kec. Tawangsari","Ds. Pundungrejo",
"Jawa Tengah",Sukoharjo,"Kec. Tawangsari","Ds. Tambakboyo",
"Jawa Tengah",Sukoharjo,"Kec. Tawangsari","Ds. Tangkisan",
"Jawa Tengah",Sukoharjo,"Kec. Tawangsari","Ds. Watubonang",
"Jawa Tengah",Sukoharjo,"Kec. Weru","Ds. . Weru",
"Jawa Tengah",Sukoharjo,"Kec. Weru","Ds. Alasombo",
"Jawa Tengah",Sukoharjo,"Kec. Weru","Ds. Grogol",
"Jawa Tengah",Sukoharjo,"Kec. Weru","Ds. Jatingarang",
"Jawa Tengah",Sukoharjo,"Kec. Weru","Ds. Karakan",
"Jawa Tengah",Sukoharjo,"Kec. Weru","Ds. Karanganyar",
"Jawa Tengah",Sukoharjo,"Kec. Weru","Ds. Karangmojo",
"Jawa Tengah",Sukoharjo,"Kec. Weru","Ds. Karangtengah",
"Jawa Tengah",Sukoharjo,"Kec. Weru","Ds. Karangwuni",
"Jawa Tengah",Sukoharjo,"Kec. Weru","Ds. Krajan",
"Jawa Tengah",Sukoharjo,"Kec. Weru","Ds. Ngreco",
"Jawa Tengah",Sukoharjo,"Kec. Weru","Ds. Tawang",
"Jawa Tengah",Sukoharjo,"Kec. Weru","Ds. Tegalsari",
"Jawa Tengah",Surakarta,"Kec. Banjarsari","Kel. Banjarsari",
"Jawa Tengah",Surakarta,"Kec. Banjarsari","Kel. Banyuanyar",
"Jawa Tengah",Surakarta,"Kec. Banjarsari","Kel. Gilingan",
"Jawa Tengah",Surakarta,"Kec. Banjarsari","Kel. Joglo",
"Jawa Tengah",Surakarta,"Kec. Banjarsari","Kel. Kadipiro",
"Jawa Tengah",Surakarta,"Kec. Banjarsari","Kel. Keprabon",
"Jawa Tengah",Surakarta,"Kec. Banjarsari","Kel. Kestalan",
"Jawa Tengah",Surakarta,"Kec. Banjarsari","Kel. Ketelan",
"Jawa Tengah",Surakarta,"Kec. Banjarsari","Kel. Manahan",
"Jawa Tengah",Surakarta,"Kec. Banjarsari","Kel. Mangkubumen",
"Jawa Tengah",Surakarta,"Kec. Banjarsari","Kel. Nusukan",
"Jawa Tengah",Surakarta,"Kec. Banjarsari","Kel. Punggawan",
"Jawa Tengah",Surakarta,"Kec. Banjarsari","Kel. Stabelan",
"Jawa Tengah",Surakarta,"Kec. Banjarsari","Kel. Sumber",
"Jawa Tengah",Surakarta,"Kec. Banjarsari","Kel. Timuran",
"Jawa Tengah",Surakarta,"Kec. Jebres","Kel. Gandekan",
"Jawa Tengah",Surakarta,"Kec. Jebres","Kel. Jagalan",
"Jawa Tengah",Surakarta,"Kec. Jebres","Kel. Jebres",
"Jawa Tengah",Surakarta,"Kec. Jebres","Kel. Kepatihan Kulon",
"Jawa Tengah",Surakarta,"Kec. Jebres","Kel. Kepatihan Wetan",
"Jawa Tengah",Surakarta,"Kec. Jebres","Kel. Kp. Sewu",
"Jawa Tengah",Surakarta,"Kec. Jebres","Kel. Mojosongo",
"Jawa Tengah",Surakarta,"Kec. Jebres","Kel. Pucangsawit",
"Jawa Tengah",Surakarta,"Kec. Jebres","Kel. Purwodiningratan",
"Jawa Tengah",Surakarta,"Kec. Jebres","Kel. Sudiroprajan",
"Jawa Tengah",Surakarta,"Kec. Jebres","Kel. Tegalharjo",
"Jawa Tengah",Surakarta,"Kec. Laweyan","Kel. Bumi",
"Jawa Tengah",Surakarta,"Kec. Laweyan","Kel. Jajar",
"Jawa Tengah",Surakarta,"Kec. Laweyan","Kel. Karangasem",
"Jawa Tengah",Surakarta,"Kec. Laweyan","Kel. Kerten",
"Jawa Tengah",Surakarta,"Kec. Laweyan","Kel. Laweyan",
"Jawa Tengah",Surakarta,"Kec. Laweyan","Kel. Pajang",
"Jawa Tengah",Surakarta,"Kec. Laweyan","Kel. Panularan",
"Jawa Tengah",Surakarta,"Kec. Laweyan","Kel. Penumping",
"Jawa Tengah",Surakarta,"Kec. Laweyan","Kel. Purwosari",
"Jawa Tengah",Surakarta,"Kec. Laweyan","Kel. Sondakan",
"Jawa Tengah",Surakarta,"Kec. Laweyan","Kel. Sriwedari",
"Jawa Tengah",Surakarta,"Kec. Pasarkliwon","Kel. Baluwarti",
"Jawa Tengah",Surakarta,"Kec. Pasarkliwon","Kel. Gajahan",
"Jawa Tengah",Surakarta,"Kec. Pasarkliwon","Kel. Joyosuran",
"Jawa Tengah",Surakarta,"Kec. Pasarkliwon","Kel. Kauman",
"Jawa Tengah",Surakarta,"Kec. Pasarkliwon","Kel. Kedunglumbu",
"Jawa Tengah",Surakarta,"Kec. Pasarkliwon","Kel. Kp. Baru",
"Jawa Tengah",Surakarta,"Kec. Pasarkliwon","Kel. Mojo",
"Jawa Tengah",Surakarta,"Kec. Pasarkliwon","Kel. Pasarkliwon",
"Jawa Tengah",Surakarta,"Kec. Pasarkliwon","Kel. Sangkrah",
"Jawa Tengah",Surakarta,"Kec. Pasarkliwon","Kel. Semanggi",
"Jawa Tengah",Surakarta,"Kec. Serengan","Kel. Danukusuman",
"Jawa Tengah",Surakarta,"Kec. Serengan","Kel. Jayengan",
"Jawa Tengah",Surakarta,"Kec. Serengan","Kel. Joyontakan",
"Jawa Tengah",Surakarta,"Kec. Serengan","Kel. Kemlayan",
"Jawa Tengah",Surakarta,"Kec. Serengan","Kel. Kratonan",
"Jawa Tengah",Surakarta,"Kec. Serengan","Kel. Serengan",
"Jawa Tengah",Surakarta,"Kec. Serengan","Kel. Tipes",
"Jawa Tengah",Wonogiri,"Kec. Baturetno","Ds. Balepanjang",
"Jawa Tengah",Wonogiri,"Kec. Baturetno","Ds. Baturetno",
"Jawa Tengah",Wonogiri,"Kec. Baturetno","Ds. Belikurip",
"Jawa Tengah",Wonogiri,"Kec. Baturetno","Ds. Boto",
"Jawa Tengah",Wonogiri,"Kec. Baturetno","Ds. Gambiranom",
"Jawa Tengah",Wonogiri,"Kec. Baturetno","Ds. Glesungharjo",
"Jawa Tengah",Wonogiri,"Kec. Baturetno","Ds. Kedungombo",
"Jawa Tengah",Wonogiri,"Kec. Baturetno","Ds. Saradan",
"Jawa Tengah",Wonogiri,"Kec. Baturetno","Ds. Sendangrejo",
"Jawa Tengah",Wonogiri,"Kec. Baturetno","Ds. Setrorejo",
"Jawa Tengah",Wonogiri,"Kec. Baturetno","Ds. Talunombo",
"Jawa Tengah",Wonogiri,"Kec. Baturetno","Ds. Temon",
"Jawa Tengah",Wonogiri,"Kec. Baturetno","Ds. Watuagung",
"Jawa Tengah",Wonogiri,"Kec. Batuwarno","Ds. Batuwarno",
"Jawa Tengah",Wonogiri,"Kec. Batuwarno","Ds. Ronggojati",
"Jawa Tengah",Wonogiri,"Kec. Batuwarno","Ds. Sendangsari",
"Jawa Tengah",Wonogiri,"Kec. Batuwarno","Ds. Sumberagung",
"Jawa Tengah",Wonogiri,"Kec. Batuwarno","Ds. Sumberrejo",
"Jawa Tengah",Wonogiri,"Kec. Batuwarno","Ds. Tegiri",
"Jawa Tengah",Wonogiri,"Kec. Batuwarno","Kel. Kudi",
"Jawa Tengah",Wonogiri,"Kec. Batuwarno","Kel. Selopuro",
"Jawa Tengah",Wonogiri,"Kec. Bulukerto","Ds. Bulurejo",
"Jawa Tengah",Wonogiri,"Kec. Bulukerto","Ds. Conto",
"Jawa Tengah",Wonogiri,"Kec. Bulukerto","Ds. Domas",
"Jawa Tengah",Wonogiri,"Kec. Bulukerto","Ds. Geneng",
"Jawa Tengah",Wonogiri,"Kec. Bulukerto","Ds. Kel. Bulukerto",
"Jawa Tengah",Wonogiri,"Kec. Bulukerto","Ds. Kradegan",
"Jawa Tengah",Wonogiri,"Kec. Bulukerto","Ds. Nadi",
"Jawa Tengah",Wonogiri,"Kec. Bulukerto","Ds. Ngaglik",
"Jawa Tengah",Wonogiri,"Kec. Bulukerto","Ds. Sugihan",
"Jawa Tengah",Wonogiri,"Kec. Bulukerto","Ds. Tanjung",
"Jawa Tengah",Wonogiri,"Kec. Eromoko","Ds. Baleharjo",
"Jawa Tengah",Wonogiri,"Kec. Eromoko","Ds. Basuhan",
"Jawa Tengah",Wonogiri,"Kec. Eromoko","Ds. Eromoko",
"Jawa Tengah",Wonogiri,"Kec. Eromoko","Ds. Kel. Ngadirejo",
"Jawa Tengah",Wonogiri,"Kec. Eromoko","Ds. Kel. Puloharjo",
"Jawa Tengah",Wonogiri,"Kec. Eromoko","Ds. Minggarharjo",
"Jawa Tengah",Wonogiri,"Kec. Eromoko","Ds. Ngandong",
"Jawa Tengah",Wonogiri,"Kec. Eromoko","Ds. Ngunggahan",
"Jawa Tengah",Wonogiri,"Kec. Eromoko","Ds. Panekan",
"Jawa Tengah",Wonogiri,"Kec. Eromoko","Ds. Pasekan",
"Jawa Tengah",Wonogiri,"Kec. Eromoko","Ds. Pucung",
"Jawa Tengah",Wonogiri,"Kec. Eromoko","Ds. Sidukarto",
"Jawa Tengah",Wonogiri,"Kec. Eromoko","Ds. Sumberharjo",
"Jawa Tengah",Wonogiri,"Kec. Eromoko","Ds. Tegalharjo",
"Jawa Tengah",Wonogiri,"Kec. Eromoko","Ds. Tempurharjo",
"Jawa Tengah",Wonogiri,"Kec. Girimarto","Ds. Bubakan",
"Jawa Tengah",Wonogiri,"Kec. Girimarto","Ds. Doho",
"Jawa Tengah",Wonogiri,"Kec. Girimarto","Ds. Girimrto",
"Jawa Tengah",Wonogiri,"Kec. Girimarto","Ds. Giriwarno",
"Jawa Tengah",Wonogiri,"Kec. Girimarto","Ds. Jatirejo",
"Jawa Tengah",Wonogiri,"Kec. Girimarto","Ds. Jendi",
"Jawa Tengah",Wonogiri,"Kec. Girimarto","Ds. Nungkulan",
"Jawa Tengah",Wonogiri,"Kec. Girimarto","Ds. Sanan",
"Jawa Tengah",Wonogiri,"Kec. Girimarto","Ds. Selorejo",
"Jawa Tengah",Wonogiri,"Kec. Girimarto","Ds. Semagar",
"Jawa Tengah",Wonogiri,"Kec. Girimarto","Ds. Tambak Merang",
"Jawa Tengah",Wonogiri,"Kec. Girimarto","Ds. Waleng",
"Jawa Tengah",Wonogiri,"Kec. Girimarto","Kel. Gemawang",
"Jawa Tengah",Wonogiri,"Kec. Girimarto","Kel. Sidokarto",
"Jawa Tengah",Wonogiri,"Kec. Giritontro","Ds. Jatirejo",
"Jawa Tengah",Wonogiri,"Kec. Giritontro","Ds. Ngargoharjo",
"Jawa Tengah",Wonogiri,"Kec. Giritontro","Ds. Pucanganom",
"Jawa Tengah",Wonogiri,"Kec. Giritontro","Ds. Tlogoharjo",
"Jawa Tengah",Wonogiri,"Kec. Giritontro","Ds. Tlogosari",
"Jawa Tengah",Wonogiri,"Kec. Giritontro","Kel. Bayemharjo",
"Jawa Tengah",Wonogiri,"Kec. Giritontro","Kel. Giritontro",
"Jawa Tengah",Wonogiri,"Kec. Giriwoyo","Ds. Bulurejo",
"Jawa Tengah",Wonogiri,"Kec. Giriwoyo","Ds. Bumiharjo",
"Jawa Tengah",Wonogiri,"Kec. Giriwoyo","Ds. Gedongrejo",
"Jawa Tengah",Wonogiri,"Kec. Giriwoyo","Ds. Guwotirto",
"Jawa Tengah",Wonogiri,"Kec. Giriwoyo","Ds. Kel. Giriwoyo",
"Jawa Tengah",Wonogiri,"Kec. Giriwoyo","Ds. Ngancar",
"Jawa Tengah",Wonogiri,"Kec. Giriwoyo","Ds. Pidekso",
"Jawa Tengah",Wonogiri,"Kec. Giriwoyo","Ds. Platarejo",
"Jawa Tengah",Wonogiri,"Kec. Giriwoyo","Ds. Sejati",
"Jawa Tengah",Wonogiri,"Kec. Giriwoyo","Ds. Selomarto",
"Jawa Tengah",Wonogiri,"Kec. Giriwoyo","Ds. Sendangagung",
"Jawa Tengah",Wonogiri,"Kec. Giriwoyo","Ds. Sirnoboyo",
"Jawa Tengah",Wonogiri,"Kec. Giriwoyo","Ds. Tawangharjo",
"Jawa Tengah",Wonogiri,"Kec. Giriwoyo","Ds. Tirtosuoro",
"Jawa Tengah",Wonogiri,"Kec. Giriwoyo","Ds. Tukulrejo",
"Jawa Tengah",Wonogiri,"Kec. Giriwoyo","Kel. Girikikis",
"Jawa Tengah",Wonogiri,"Kec. Jatipurno","Ds. Girimulyo",
"Jawa Tengah",Wonogiri,"Kec. Jatipurno","Ds. Giriyoso",
"Jawa Tengah",Wonogiri,"Kec. Jatipurno","Ds. Jatipurwo",
"Jawa Tengah",Wonogiri,"Kec. Jatipurno","Ds. Jeporo",
"Jawa Tengah",Wonogiri,"Kec. Jatipurno","Ds. Kel. Jatipurno",
"Jawa Tengah",Wonogiri,"Kec. Jatipurno","Ds. Kembang",
"Jawa Tengah",Wonogiri,"Kec. Jatipurno","Ds. Kopen",
"Jawa Tengah",Wonogiri,"Kec. Jatipurno","Ds. Mangunharjo",
"Jawa Tengah",Wonogiri,"Kec. Jatipurno","Ds. Slogoretno",
"Jawa Tengah",Wonogiri,"Kec. Jatipurno","Ds. Tawangrejo",
"Jawa Tengah",Wonogiri,"Kec. Jatipurno","Kel. Balepanjang",
"Jawa Tengah",Wonogiri,"Kec. Jatiroto","Ds. Boto",
"Jawa Tengah",Wonogiri,"Kec. Jatiroto","Ds. Brenggolo",
"Jawa Tengah",Wonogiri,"Kec. Jatiroto","Ds. Cangkring",
"Jawa Tengah",Wonogiri,"Kec. Jatiroto","Ds. Dawungan",
"Jawa Tengah",Wonogiri,"Kec. Jatiroto","Ds. Duren",
"Jawa Tengah",Wonogiri,"Kec. Jatiroto","Ds. Guno",
"Jawa Tengah",Wonogiri,"Kec. Jatiroto","Ds. Jatirejo",
"Jawa Tengah",Wonogiri,"Kec. Jatiroto","Ds. Mojopuro",
"Jawa Tengah",Wonogiri,"Kec. Jatiroto","Ds. Ngelo",
"Jawa Tengah",Wonogiri,"Kec. Jatiroto","Ds. Pengkol",
"Jawa Tengah",Wonogiri,"Kec. Jatiroto","Ds. Pesido",
"Jawa Tengah",Wonogiri,"Kec. Jatiroto","Ds. Pingkuk",
"Jawa Tengah",Wonogiri,"Kec. Jatiroto","Ds. Sugihan",
"Jawa Tengah",Wonogiri,"Kec. Jatiroto","Kel. Jatiroto",
"Jawa Tengah",Wonogiri,"Kec. Jatiroto","Kel. Sanggrong",
"Jawa Tengah",Wonogiri,"Kec. Jatisrono","Ds. Gondangsari",
"Jawa Tengah",Wonogiri,"Kec. Jatisrono","Ds. Gunungsari",
"Jawa Tengah",Wonogiri,"Kec. Jatisrono","Ds. Jatisari",
"Jawa Tengah",Wonogiri,"Kec. Jatisrono","Ds. Jatisrono",
"Jawa Tengah",Wonogiri,"Kec. Jatisrono","Ds. Kel. Pelem",
"Jawa Tengah",Wonogiri,"Kec. Jatisrono","Ds. Kel. Tanjungsari",
"Jawa Tengah",Wonogiri,"Kec. Jatisrono","Ds. Ngrompak",
"Jawa Tengah",Wonogiri,"Kec. Jatisrono","Ds. Pandeyan",
"Jawa Tengah",Wonogiri,"Kec. Jatisrono","Ds. Pule",
"Jawa Tengah",Wonogiri,"Kec. Jatisrono","Ds. Rejosari",
"Jawa Tengah",Wonogiri,"Kec. Jatisrono","Ds. Sambirejo",
"Jawa Tengah",Wonogiri,"Kec. Jatisrono","Ds. Semen",
"Jawa Tengah",Wonogiri,"Kec. Jatisrono","Ds. Sidorejo",
"Jawa Tengah",Wonogiri,"Kec. Jatisrono","Ds. Sumberejo",
"Jawa Tengah",Wonogiri,"Kec. Jatisrono","Ds. Tanggulangin",
"Jawa Tengah",Wonogiri,"Kec. Jatisrono","Ds. Tasikharjo",
"Jawa Tengah",Wonogiri,"Kec. Jatisrono","Ds. Watangsono",
"Jawa Tengah",Wonogiri,"Kec. Kismantoro","Ds. Bugelan",
"Jawa Tengah",Wonogiri,"Kec. Kismantoro","Ds. Gambiranom",
"Jawa Tengah",Wonogiri,"Kec. Kismantoro","Ds. Gedawung",
"Jawa Tengah",Wonogiri,"Kec. Kismantoro","Ds. Lemahbang",
"Jawa Tengah",Wonogiri,"Kec. Kismantoro","Ds. Miri",
"Jawa Tengah",Wonogiri,"Kec. Kismantoro","Ds. Ngroto",
"Jawa Tengah",Wonogiri,"Kec. Kismantoro","Ds. Plosorejo",
"Jawa Tengah",Wonogiri,"Kec. Kismantoro","Ds. Pucung",
"Jawa Tengah",Wonogiri,"Kec. Kismantoro","Kel. Gesing",
"Jawa Tengah",Wonogiri,"Kec. Kismantoro","Kel. Kismantoro",
"Jawa Tengah",Wonogiri,"Kec. Manyaran","Ds. Bero",
"Jawa Tengah",Wonogiri,"Kec. Manyaran","Ds. Gunungan",
"Jawa Tengah",Wonogiri,"Kec. Manyaran","Ds. Karanglor",
"Jawa Tengah",Wonogiri,"Kec. Manyaran","Ds. Kel. Punduhsari",
"Jawa Tengah",Wonogiri,"Kec. Manyaran","Ds. Kepuhsari",
"Jawa Tengah",Wonogiri,"Kec. Manyaran","Ds. Pijiharjo",
"Jawa Tengah",Wonogiri,"Kec. Manyaran","Kel. Pagutan",
"Jawa Tengah",Wonogiri,"Kec. Ngadirojo","Ds. Gedong",
"Jawa Tengah",Wonogiri,"Kec. Ngadirojo","Ds. Gemawang",
"Jawa Tengah",Wonogiri,"Kec. Ngadirojo","Ds. Jatimarto",
"Jawa Tengah",Wonogiri,"Kec. Ngadirojo","Ds. Kerjo Kidul",
"Jawa Tengah",Wonogiri,"Kec. Ngadirojo","Ds. Kerjo Lor",
"Jawa Tengah",Wonogiri,"Kec. Ngadirojo","Ds. Mlokomanis Wetan",
"Jawa Tengah",Wonogiri,"Kec. Ngadirojo","Ds. Ngadirojo Kidul",
"Jawa Tengah",Wonogiri,"Kec. Ngadirojo","Ds. Ngadirojo Lor",
"Jawa Tengah",Wonogiri,"Kec. Ngadirojo","Ds. Pondok",
"Jawa Tengah",Wonogiri,"Kec. Ngadirojo","Kel. Kasihan",
"Jawa Tengah",Wonogiri,"Kec. Ngadirojo","Kel. Mlokomanis Kulon",
"Jawa Tengah",Wonogiri,"Kec. Nguntoronadi","Ds. Bulurejo",
"Jawa Tengah",Wonogiri,"Kec. Nguntoronadi","Ds. Bumiharjo",
"Jawa Tengah",Wonogiri,"Kec. Nguntoronadi","Ds. Gebang",
"Jawa Tengah",Wonogiri,"Kec. Nguntoronadi","Ds. Kel. Beji",
"Jawa Tengah",Wonogiri,"Kec. Nguntoronadi","Ds. Kulurejo",
"Jawa Tengah",Wonogiri,"Kec. Nguntoronadi","Ds. Ngadipiro",
"Jawa Tengah",Wonogiri,"Kec. Nguntoronadi","Ds. Ngadiroyo",
"Jawa Tengah",Wonogiri,"Kec. Nguntoronadi","Ds. Pondoksari",
"Jawa Tengah",Wonogiri,"Kec. Nguntoronadi","Ds. Semin",
"Jawa Tengah",Wonogiri,"Kec. Nguntoronadi","Ds. Wonoharjo",
"Jawa Tengah",Wonogiri,"Kec. Nguntoronadi","Kel. Kedungrejo",
"Jawa Tengah",Wonogiri,"Kec. Paranggupito","Ds. Gendayakan",
"Jawa Tengah",Wonogiri,"Kec. Paranggupito","Ds. Gudangharjo",
"Jawa Tengah",Wonogiri,"Kec. Paranggupito","Ds. Gunturharjo",
"Jawa Tengah",Wonogiri,"Kec. Paranggupito","Ds. Johunut",
"Jawa Tengah",Wonogiri,"Kec. Paranggupito","Ds. Ketos",
"Jawa Tengah",Wonogiri,"Kec. Paranggupito","Ds. Paranggupito",
"Jawa Tengah",Wonogiri,"Kec. Paranggupito","Ds. Sambiharjo",
"Jawa Tengah",Wonogiri,"Kec. Paranggupito","Ds. Songbledeg",
"Jawa Tengah",Wonogiri,"Kec. Pracimantoro","Ds. Banaran",
"Jawa Tengah",Wonogiri,"Kec. Pracimantoro","Ds. Gambirmanis",
"Jawa Tengah",Wonogiri,"Kec. Pracimantoro","Ds. Gebangharjo",
"Jawa Tengah",Wonogiri,"Kec. Pracimantoro","Ds. Glinggang",
"Jawa Tengah",Wonogiri,"Kec. Pracimantoro","Ds. Jimbar",
"Jawa Tengah",Wonogiri,"Kec. Pracimantoro","Ds. Joho",
"Jawa Tengah",Wonogiri,"Kec. Pracimantoro","Ds. Lebak",
"Jawa Tengah",Wonogiri,"Kec. Pracimantoro","Ds. Petisari",
"Jawa Tengah",Wonogiri,"Kec. Pracimantoro","Ds. Pracimantoro",
"Jawa Tengah",Wonogiri,"Kec. Pracimantoro","Ds. Sambiroto",
"Jawa Tengah",Wonogiri,"Kec. Pracimantoro","Ds. Sedayu",
"Jawa Tengah",Wonogiri,"Kec. Pracimantoro","Ds. Suci",
"Jawa Tengah",Wonogiri,"Kec. Pracimantoro","Ds. Sumberagung",
"Jawa Tengah",Wonogiri,"Kec. Pracimantoro","Ds. Trukan",
"Jawa Tengah",Wonogiri,"Kec. Pracimantoro","Ds. Tubokarto",
"Jawa Tengah",Wonogiri,"Kec. Pracimantoro","Ds. Watangrejo",
"Jawa Tengah",Wonogiri,"Kec. Pracimantoro","Ds. Wonodadi",
"Jawa Tengah",Wonogiri,"Kec. Pracimantoro","Kel. Gedong",
"Jawa Tengah",Wonogiri,"Kec. Puhpelem","Ds. Golo",
"Jawa Tengah",Wonogiri,"Kec. Puhpelem","Ds. Kel. Kel.Giriharjo",
"Jawa Tengah",Wonogiri,"Kec. Puhpelem","Ds. Nguneng",
"Jawa Tengah",Wonogiri,"Kec. Puhpelem","Ds. Puhpelem",
"Jawa Tengah",Wonogiri,"Kec. Puhpelem","Ds. Sukorejo",
"Jawa Tengah",Wonogiri,"Kec. Puhpelem","Ds. Tengger",
"Jawa Tengah",Wonogiri,"Kec. Purwantoro","Ds. Bakalan",
"Jawa Tengah",Wonogiri,"Kec. Purwantoro","Ds. Bangsri",
"Jawa Tengah",Wonogiri,"Kec. Purwantoro","Ds. Biting",
"Jawa Tengah",Wonogiri,"Kec. Purwantoro","Ds. Gondang",
"Jawa Tengah",Wonogiri,"Kec. Purwantoro","Ds. Joho",
"Jawa Tengah",Wonogiri,"Kec. Purwantoro","Ds. Kenteng",
"Jawa Tengah",Wonogiri,"Kec. Purwantoro","Ds. Kepyar",
"Jawa Tengah",Wonogiri,"Kec. Purwantoro","Ds. Miricinde",
"Jawa Tengah",Wonogiri,"Kec. Purwantoro","Ds. Ploso",
"Jawa Tengah",Wonogiri,"Kec. Purwantoro","Ds. Sendang",
"Jawa Tengah",Wonogiri,"Kec. Purwantoro","Ds. Sukomangu",
"Jawa Tengah",Wonogiri,"Kec. Purwantoro","Ds. Sumber",
"Jawa Tengah",Wonogiri,"Kec. Purwantoro","Ds. Talesan",
"Jawa Tengah",Wonogiri,"Kec. Purwantoro","Kel. Purwantoro",
"Jawa Tengah",Wonogiri,"Kec. Purwantoro","Kel. Tegalrejo",
"Jawa Tengah",Wonogiri,"Kec. Selogiri","Ds. Gemantar",
"Jawa Tengah",Wonogiri,"Kec. Selogiri","Ds. Jaten",
"Jawa Tengah",Wonogiri,"Kec. Selogiri","Ds. Jendi",
"Jawa Tengah",Wonogiri,"Kec. Selogiri","Ds. Kel. Kaliancar",
"Jawa Tengah",Wonogiri,"Kec. Selogiri","Ds. Keloran",
"Jawa Tengah",Wonogiri,"Kec. Selogiri","Ds. Kepatihan",
"Jawa Tengah",Wonogiri,"Kec. Selogiri","Ds. Nambangan",
"Jawa Tengah",Wonogiri,"Kec. Selogiri","Ds. Pare",
"Jawa Tengah",Wonogiri,"Kec. Selogiri","Ds. Pule",
"Jawa Tengah",Wonogiri,"Kec. Selogiri","Ds. Sendangijo",
"Jawa Tengah",Wonogiri,"Kec. Selogiri","Ds. Singodutan",
"Jawa Tengah",Wonogiri,"Kec. Sidoharjo","Ds. Jatinom",
"Jawa Tengah",Wonogiri,"Kec. Sidoharjo","Ds. Kebonagung",
"Jawa Tengah",Wonogiri,"Kec. Sidoharjo","Ds. Kedunggupit",
"Jawa Tengah",Wonogiri,"Kec. Sidoharjo","Ds. Mojoreno",
"Jawa Tengah",Wonogiri,"Kec. Sidoharjo","Ds. Ngabeyan",
"Jawa Tengah",Wonogiri,"Kec. Sidoharjo","Ds. Sembukan",
"Jawa Tengah",Wonogiri,"Kec. Sidoharjo","Ds. Sempukerep",
"Jawa Tengah",Wonogiri,"Kec. Sidoharjo","Ds. Tempursari",
"Jawa Tengah",Wonogiri,"Kec. Sidoharjo","Ds. Tremes",
"Jawa Tengah",Wonogiri,"Kec. Sidoharjo","Ds. Widoro",
"Jawa Tengah",Wonogiri,"Kec. Sidoharjo","Kel. Kayuloko",
"Jawa Tengah",Wonogiri,"Kec. Sidoharjo","Kel. Sidoharjo",
"Jawa Tengah",Wonogiri,"Kec. Slogohimo","Ds. Gunan",
"Jawa Tengah",Wonogiri,"Kec. Slogohimo","Ds. Jeblogan",
"Jawa Tengah",Wonogiri,"Kec. Slogohimo","Ds. Karangtengah",
"Jawa Tengah",Wonogiri,"Kec. Slogohimo","Ds. Kel. Bulusari",
"Jawa Tengah",Wonogiri,"Kec. Slogohimo","Ds. Klunggen",
"Jawa Tengah",Wonogiri,"Kec. Slogohimo","Ds. Made",
"Jawa Tengah",Wonogiri,"Kec. Slogohimo","Ds. Ngambarsari",
"Jawa Tengah",Wonogiri,"Kec. Slogohimo","Ds. Pandan",
"Jawa Tengah",Wonogiri,"Kec. Slogohimo","Ds. Pandarangin",
"Jawa Tengah",Wonogiri,"Kec. Slogohimo","Ds. Purwoharjo",
"Jawa Tengah",Wonogiri,"Kec. Slogohimo","Ds. Randusari",
"Jawa Tengah",Wonogiri,"Kec. Slogohimo","Ds. Sambirejo",
"Jawa Tengah",Wonogiri,"Kec. Slogohimo","Ds. Sedayu",
"Jawa Tengah",Wonogiri,"Kec. Slogohimo","Ds. Setren",
"Jawa Tengah",Wonogiri,"Kec. Slogohimo","Ds. Slogohimo",
"Jawa Tengah",Wonogiri,"Kec. Slogohimo","Ds. Soco",
"Jawa Tengah",Wonogiri,"Kec. Slogohimo","Ds. Sokoboyo",
"Jawa Tengah",Wonogiri,"Kec. Slogohimo","Ds. Temboro",
"Jawa Tengah",Wonogiri,"Kec. Slogohimo","Ds. Tunggur",
"Jawa Tengah",Wonogiri,"Kec. Slogohimo","Ds. Waru",
"Jawa Tengah",Wonogiri,"Kec. Slogohimo","Ds. Watusomo",
"Jawa Tengah",Wonogiri,"Kec. Slogohimo","Kel. Karang",
"Jawa Tengah",Wonogiri,"Kec. Tirtomoyo","Ds. Banyak Prodo",
"Jawa Tengah",Wonogiri,"Kec. Tirtomoyo","Ds. Dlepih",
"Jawa Tengah",Wonogiri,"Kec. Tirtomoyo","Ds. Genengharjo",
"Jawa Tengah",Wonogiri,"Kec. Tirtomoyo","Ds. Girirejo",
"Jawa Tengah",Wonogiri,"Kec. Tirtomoyo","Ds. Hargantoro",
"Jawa Tengah",Wonogiri,"Kec. Tirtomoyo","Ds. Hargorejo",
"Jawa Tengah",Wonogiri,"Kec. Tirtomoyo","Ds. Ngarjosari",
"Jawa Tengah",Wonogiri,"Kec. Tirtomoyo","Ds. Sendang Mulyo",
"Jawa Tengah",Wonogiri,"Kec. Tirtomoyo","Ds. Sidorejo",
"Jawa Tengah",Wonogiri,"Kec. Tirtomoyo","Ds. Sukoharjo",
"Jawa Tengah",Wonogiri,"Kec. Tirtomoyo","Ds. Tanjungsari",
"Jawa Tengah",Wonogiri,"Kec. Tirtomoyo","Ds. Wiroko",
"Jawa Tengah",Wonogiri,"Kec. Tirtomoyo","Kel. Hargosari",
"Jawa Tengah",Wonogiri,"Kec. Tirtomoyo","Kel. Tirtomoyo",
"Jawa Tengah",Wonogiri,"Kec. Wonogiri","Ds. Bulusulur",
"Jawa Tengah",Wonogiri,"Kec. Wonogiri","Ds. Manjung",
"Jawa Tengah",Wonogiri,"Kec. Wonogiri","Ds. Pokoh Kidul",
"Jawa Tengah",Wonogiri,"Kec. Wonogiri","Ds. Purworejo",
"Jawa Tengah",Wonogiri,"Kec. Wonogiri","Ds. Purwosari",
"Jawa Tengah",Wonogiri,"Kec. Wonogiri","Ds. Sendang",
"Jawa Tengah",Wonogiri,"Kec. Wonogiri","Ds. Sonoharjo",
"Jawa Tengah",Wonogiri,"Kec. Wonogiri","Ds. Wonoharjo",
"Jawa Tengah",Wonogiri,"Kec. Wonogiri","Ds. Wonokerto",
"Jawa Tengah",Wonogiri,"Kec. Wonogiri","Kel. Giripurwo",
"Jawa Tengah",Wonogiri,"Kec. Wonogiri","Kel. Giritirto",
"Jawa Tengah",Wonogiri,"Kec. Wonogiri","Kel. Giriwono",
"Jawa Tengah",Wonogiri,"Kec. Wonogiri","Kel. Wonoboyo",
"Jawa Tengah",Wonogiri,"Kec. Wonogiri","Kel. Wonokarto",
"Jawa Tengah",Wonogiri,"Kec. Wonogiri","Kel. Wuryorejo",
"Jawa Tengah",Wonogiri,"Kec. Wuryantoro","Ds. Genukharjo",
"Jawa Tengah",Wonogiri,"Kec. Wuryantoro","Ds. Gumiwang Lor",
"Jawa Tengah",Wonogiri,"Kec. Wuryantoro","Ds. Mlpopoharjo",
"Jawa Tengah",Wonogiri,"Kec. Wuryantoro","Ds. Pulutan Kulon",
"Jawa Tengah",Wonogiri,"Kec. Wuryantoro","Ds. Pulutan Wetan",
"Jawa Tengah",Wonogiri,"Kec. Wuryantoro","Ds. Sumberejo",
"Jawa Tengah",Wonogiri,"Kec. Wuryantoro","Kel. Mojopuro",
"Jawa Tengah",Wonogiri,"Kec. Wuryantoro","Kel. Wuryantoro",
